,class
0,1.0
1,1.0
2,2.0
3,2.0
4,3.0
5,3.0
6,4.0
7,4.0
8,5.0
9,5.0
10,6.0
11,6.0
12,7.0
13,7.0
14,8.0
15,8.0
16,9.0
17,9.0
18,10.0
19,10.0
20,11.0
21,11.0
22,12.0
23,12.0
24,13.0
25,13.0
26,14.0
27,14.0
28,15.0
29,15.0
30,16.0
31,16.0
32,17.0
33,17.0
34,18.0
35,18.0
36,19.0
37,19.0
38,20.0
39,20.0
40,21.0
41,21.0
42,22.0
43,22.0
44,23.0
45,23.0
46,24.0
47,24.0
48,25.0
49,25.0
50,26.0
51,26.0
52,1.0
53,1.0
54,2.0
55,2.0
56,3.0
57,3.0
58,4.0
59,4.0
60,5.0
61,5.0
62,6.0
63,6.0
64,7.0
65,7.0
66,8.0
67,8.0
68,9.0
69,9.0
70,10.0
71,10.0
72,11.0
73,11.0
74,12.0
75,12.0
76,13.0
77,13.0
78,14.0
79,14.0
80,15.0
81,15.0
82,16.0
83,16.0
84,17.0
85,17.0
86,18.0
87,18.0
88,19.0
89,19.0
90,20.0
91,20.0
92,21.0
93,21.0
94,22.0
95,22.0
96,23.0
97,23.0
98,24.0
99,24.0
100,25.0
101,25.0
102,26.0
103,26.0
104,1.0
105,1.0
106,2.0
107,2.0
108,3.0
109,3.0
110,4.0
111,4.0
112,5.0
113,5.0
114,6.0
115,6.0
116,7.0
117,7.0
118,8.0
119,8.0
120,9.0
121,9.0
122,10.0
123,10.0
124,11.0
125,11.0
126,12.0
127,12.0
128,13.0
129,13.0
130,14.0
131,14.0
132,15.0
133,15.0
134,16.0
135,16.0
136,17.0
137,17.0
138,18.0
139,18.0
140,19.0
141,19.0
142,20.0
143,20.0
144,21.0
145,21.0
146,22.0
147,22.0
148,23.0
149,23.0
150,24.0
151,24.0
152,25.0
153,25.0
154,26.0
155,26.0
156,1.0
157,1.0
158,2.0
159,2.0
160,3.0
161,3.0
162,4.0
163,4.0
164,5.0
165,5.0
166,6.0
167,6.0
168,7.0
169,7.0
170,8.0
171,8.0
172,9.0
173,9.0
174,10.0
175,10.0
176,11.0
177,11.0
178,12.0
179,12.0
180,13.0
181,13.0
182,14.0
183,14.0
184,15.0
185,15.0
186,16.0
187,16.0
188,17.0
189,17.0
190,18.0
191,18.0
192,19.0
193,19.0
194,20.0
195,20.0
196,21.0
197,21.0
198,22.0
199,22.0
200,23.0
201,23.0
202,24.0
203,24.0
204,25.0
205,25.0
206,26.0
207,26.0
208,1.0
209,1.0
210,2.0
211,2.0
212,3.0
213,3.0
214,4.0
215,4.0
216,5.0
217,5.0
218,6.0
219,6.0
220,7.0
221,7.0
222,8.0
223,8.0
224,9.0
225,9.0
226,10.0
227,10.0
228,11.0
229,11.0
230,12.0
231,12.0
232,13.0
233,13.0
234,14.0
235,14.0
236,15.0
237,15.0
238,16.0
239,16.0
240,17.0
241,17.0
242,18.0
243,18.0
244,19.0
245,19.0
246,20.0
247,20.0
248,21.0
249,21.0
250,22.0
251,22.0
252,23.0
253,23.0
254,24.0
255,24.0
256,25.0
257,25.0
258,26.0
259,26.0
260,1.0
261,1.0
262,2.0
263,2.0
264,3.0
265,3.0
266,4.0
267,4.0
268,5.0
269,5.0
270,6.0
271,6.0
272,7.0
273,7.0
274,8.0
275,8.0
276,9.0
277,9.0
278,10.0
279,10.0
280,11.0
281,11.0
282,12.0
283,12.0
284,13.0
285,13.0
286,14.0
287,14.0
288,15.0
289,15.0
290,16.0
291,16.0
292,17.0
293,17.0
294,18.0
295,18.0
296,19.0
297,19.0
298,20.0
299,20.0
300,21.0
301,21.0
302,22.0
303,22.0
304,23.0
305,23.0
306,24.0
307,24.0
308,25.0
309,25.0
310,26.0
311,26.0
312,1.0
313,1.0
314,2.0
315,2.0
316,3.0
317,3.0
318,4.0
319,4.0
320,5.0
321,5.0
322,6.0
323,6.0
324,7.0
325,7.0
326,8.0
327,8.0
328,9.0
329,9.0
330,10.0
331,10.0
332,11.0
333,11.0
334,12.0
335,12.0
336,13.0
337,13.0
338,14.0
339,14.0
340,15.0
341,15.0
342,16.0
343,16.0
344,17.0
345,17.0
346,18.0
347,18.0
348,19.0
349,19.0
350,20.0
351,20.0
352,21.0
353,21.0
354,22.0
355,22.0
356,23.0
357,23.0
358,24.0
359,24.0
360,25.0
361,25.0
362,26.0
363,26.0
364,1.0
365,1.0
366,2.0
367,2.0
368,3.0
369,3.0
370,4.0
371,4.0
372,5.0
373,5.0
374,6.0
375,6.0
376,7.0
377,7.0
378,8.0
379,8.0
380,9.0
381,9.0
382,10.0
383,10.0
384,11.0
385,11.0
386,12.0
387,12.0
388,13.0
389,13.0
390,14.0
391,14.0
392,15.0
393,15.0
394,16.0
395,16.0
396,17.0
397,17.0
398,18.0
399,18.0
400,19.0
401,19.0
402,20.0
403,20.0
404,21.0
405,21.0
406,22.0
407,22.0
408,23.0
409,23.0
410,24.0
411,24.0
412,25.0
413,25.0
414,26.0
415,26.0
416,1.0
417,1.0
418,2.0
419,2.0
420,3.0
421,3.0
422,4.0
423,4.0
424,5.0
425,5.0
426,6.0
427,6.0
428,7.0
429,7.0
430,8.0
431,8.0
432,9.0
433,9.0
434,10.0
435,10.0
436,11.0
437,11.0
438,12.0
439,12.0
440,13.0
441,13.0
442,14.0
443,14.0
444,15.0
445,15.0
446,16.0
447,16.0
448,17.0
449,17.0
450,18.0
451,18.0
452,19.0
453,19.0
454,20.0
455,20.0
456,21.0
457,21.0
458,22.0
459,22.0
460,23.0
461,23.0
462,24.0
463,24.0
464,25.0
465,25.0
466,26.0
467,26.0
468,1.0
469,1.0
470,2.0
471,2.0
472,3.0
473,3.0
474,4.0
475,4.0
476,5.0
477,5.0
478,6.0
479,6.0
480,7.0
481,7.0
482,8.0
483,8.0
484,9.0
485,9.0
486,10.0
487,10.0
488,11.0
489,11.0
490,12.0
491,12.0
492,13.0
493,13.0
494,14.0
495,14.0
496,15.0
497,15.0
498,16.0
499,16.0
500,17.0
501,17.0
502,18.0
503,18.0
504,19.0
505,19.0
506,20.0
507,20.0
508,21.0
509,21.0
510,22.0
511,22.0
512,23.0
513,23.0
514,24.0
515,24.0
516,25.0
517,25.0
518,26.0
519,26.0
520,1.0
521,1.0
522,2.0
523,2.0
524,3.0
525,3.0
526,4.0
527,4.0
528,5.0
529,5.0
530,6.0
531,6.0
532,7.0
533,7.0
534,8.0
535,8.0
536,9.0
537,9.0
538,10.0
539,10.0
540,11.0
541,11.0
542,12.0
543,12.0
544,13.0
545,13.0
546,14.0
547,14.0
548,15.0
549,15.0
550,16.0
551,16.0
552,17.0
553,17.0
554,18.0
555,18.0
556,19.0
557,19.0
558,20.0
559,20.0
560,21.0
561,21.0
562,22.0
563,22.0
564,23.0
565,23.0
566,24.0
567,24.0
568,25.0
569,25.0
570,26.0
571,26.0
572,1.0
573,1.0
574,2.0
575,2.0
576,3.0
577,3.0
578,4.0
579,4.0
580,5.0
581,5.0
582,6.0
583,6.0
584,7.0
585,7.0
586,8.0
587,8.0
588,9.0
589,9.0
590,10.0
591,10.0
592,11.0
593,11.0
594,12.0
595,12.0
596,13.0
597,13.0
598,14.0
599,14.0
600,15.0
601,15.0
602,16.0
603,16.0
604,17.0
605,17.0
606,18.0
607,18.0
608,19.0
609,19.0
610,20.0
611,20.0
612,21.0
613,21.0
614,22.0
615,22.0
616,23.0
617,23.0
618,24.0
619,24.0
620,25.0
621,25.0
622,26.0
623,26.0
624,1.0
625,1.0
626,2.0
627,2.0
628,3.0
629,3.0
630,4.0
631,4.0
632,5.0
633,5.0
634,6.0
635,6.0
636,7.0
637,7.0
638,8.0
639,8.0
640,9.0
641,9.0
642,10.0
643,10.0
644,11.0
645,11.0
646,12.0
647,12.0
648,13.0
649,13.0
650,14.0
651,14.0
652,15.0
653,15.0
654,16.0
655,16.0
656,17.0
657,17.0
658,18.0
659,18.0
660,19.0
661,19.0
662,20.0
663,20.0
664,21.0
665,21.0
666,22.0
667,22.0
668,23.0
669,23.0
670,24.0
671,24.0
672,25.0
673,25.0
674,26.0
675,26.0
676,1.0
677,1.0
678,2.0
679,2.0
680,3.0
681,3.0
682,4.0
683,4.0
684,5.0
685,5.0
686,6.0
687,6.0
688,7.0
689,7.0
690,8.0
691,8.0
692,9.0
693,9.0
694,10.0
695,10.0
696,11.0
697,11.0
698,12.0
699,12.0
700,13.0
701,13.0
702,14.0
703,14.0
704,15.0
705,15.0
706,16.0
707,16.0
708,17.0
709,17.0
710,18.0
711,18.0
712,19.0
713,19.0
714,20.0
715,20.0
716,21.0
717,21.0
718,22.0
719,22.0
720,23.0
721,23.0
722,24.0
723,24.0
724,25.0
725,25.0
726,26.0
727,26.0
728,1.0
729,1.0
730,2.0
731,2.0
732,3.0
733,3.0
734,4.0
735,4.0
736,5.0
737,5.0
738,6.0
739,6.0
740,7.0
741,7.0
742,8.0
743,8.0
744,9.0
745,9.0
746,10.0
747,10.0
748,11.0
749,11.0
750,12.0
751,12.0
752,13.0
753,13.0
754,14.0
755,14.0
756,15.0
757,15.0
758,16.0
759,16.0
760,17.0
761,17.0
762,18.0
763,18.0
764,19.0
765,19.0
766,20.0
767,20.0
768,21.0
769,21.0
770,22.0
771,22.0
772,23.0
773,23.0
774,24.0
775,24.0
776,25.0
777,25.0
778,26.0
779,26.0
780,1.0
781,1.0
782,2.0
783,2.0
784,3.0
785,3.0
786,4.0
787,4.0
788,5.0
789,5.0
790,6.0
791,6.0
792,7.0
793,7.0
794,8.0
795,8.0
796,9.0
797,9.0
798,10.0
799,10.0
800,11.0
801,11.0
802,12.0
803,12.0
804,13.0
805,13.0
806,14.0
807,14.0
808,15.0
809,15.0
810,16.0
811,16.0
812,17.0
813,17.0
814,18.0
815,18.0
816,19.0
817,19.0
818,20.0
819,20.0
820,21.0
821,21.0
822,22.0
823,22.0
824,23.0
825,23.0
826,24.0
827,24.0
828,25.0
829,25.0
830,26.0
831,26.0
832,1.0
833,1.0
834,2.0
835,2.0
836,3.0
837,3.0
838,4.0
839,4.0
840,5.0
841,5.0
842,6.0
843,6.0
844,7.0
845,7.0
846,8.0
847,8.0
848,9.0
849,9.0
850,10.0
851,10.0
852,11.0
853,11.0
854,12.0
855,12.0
856,13.0
857,13.0
858,14.0
859,14.0
860,15.0
861,15.0
862,16.0
863,16.0
864,17.0
865,17.0
866,18.0
867,18.0
868,19.0
869,19.0
870,20.0
871,20.0
872,21.0
873,21.0
874,22.0
875,22.0
876,23.0
877,23.0
878,24.0
879,24.0
880,25.0
881,25.0
882,26.0
883,26.0
884,1.0
885,1.0
886,2.0
887,2.0
888,3.0
889,3.0
890,4.0
891,4.0
892,5.0
893,5.0
894,6.0
895,6.0
896,7.0
897,7.0
898,8.0
899,8.0
900,9.0
901,9.0
902,10.0
903,10.0
904,11.0
905,11.0
906,12.0
907,12.0
908,13.0
909,13.0
910,14.0
911,14.0
912,15.0
913,15.0
914,16.0
915,16.0
916,17.0
917,17.0
918,18.0
919,18.0
920,19.0
921,19.0
922,20.0
923,20.0
924,21.0
925,21.0
926,22.0
927,22.0
928,23.0
929,23.0
930,24.0
931,24.0
932,25.0
933,25.0
934,26.0
935,26.0
936,1.0
937,1.0
938,2.0
939,2.0
940,3.0
941,3.0
942,4.0
943,4.0
944,5.0
945,5.0
946,6.0
947,6.0
948,7.0
949,7.0
950,8.0
951,8.0
952,9.0
953,9.0
954,10.0
955,10.0
956,11.0
957,11.0
958,12.0
959,12.0
960,13.0
961,13.0
962,14.0
963,14.0
964,15.0
965,15.0
966,16.0
967,16.0
968,17.0
969,17.0
970,18.0
971,18.0
972,19.0
973,19.0
974,20.0
975,20.0
976,21.0
977,21.0
978,22.0
979,22.0
980,23.0
981,23.0
982,24.0
983,24.0
984,25.0
985,25.0
986,26.0
987,26.0
988,1.0
989,1.0
990,2.0
991,2.0
992,3.0
993,3.0
994,4.0
995,4.0
996,5.0
997,5.0
998,6.0
999,6.0
1000,7.0
1001,7.0
1002,8.0
1003,8.0
1004,9.0
1005,9.0
1006,10.0
1007,10.0
1008,11.0
1009,11.0
1010,12.0
1011,12.0
1012,13.0
1013,13.0
1014,14.0
1015,14.0
1016,15.0
1017,15.0
1018,16.0
1019,16.0
1020,17.0
1021,17.0
1022,18.0
1023,18.0
1024,19.0
1025,19.0
1026,20.0
1027,20.0
1028,21.0
1029,21.0
1030,22.0
1031,22.0
1032,23.0
1033,23.0
1034,24.0
1035,24.0
1036,25.0
1037,25.0
1038,26.0
1039,26.0
1040,1.0
1041,1.0
1042,2.0
1043,2.0
1044,3.0
1045,3.0
1046,4.0
1047,4.0
1048,5.0
1049,5.0
1050,6.0
1051,6.0
1052,7.0
1053,7.0
1054,8.0
1055,8.0
1056,9.0
1057,9.0
1058,10.0
1059,10.0
1060,11.0
1061,11.0
1062,12.0
1063,12.0
1064,13.0
1065,13.0
1066,14.0
1067,14.0
1068,15.0
1069,15.0
1070,16.0
1071,16.0
1072,17.0
1073,17.0
1074,18.0
1075,18.0
1076,19.0
1077,19.0
1078,20.0
1079,20.0
1080,21.0
1081,21.0
1082,22.0
1083,22.0
1084,23.0
1085,23.0
1086,24.0
1087,24.0
1088,25.0
1089,25.0
1090,26.0
1091,26.0
1092,1.0
1093,1.0
1094,2.0
1095,2.0
1096,3.0
1097,3.0
1098,4.0
1099,4.0
1100,5.0
1101,5.0
1102,6.0
1103,6.0
1104,7.0
1105,7.0
1106,8.0
1107,8.0
1108,9.0
1109,9.0
1110,10.0
1111,10.0
1112,11.0
1113,11.0
1114,12.0
1115,12.0
1116,13.0
1117,13.0
1118,14.0
1119,14.0
1120,15.0
1121,15.0
1122,16.0
1123,16.0
1124,17.0
1125,17.0
1126,18.0
1127,18.0
1128,19.0
1129,19.0
1130,20.0
1131,20.0
1132,21.0
1133,21.0
1134,22.0
1135,22.0
1136,23.0
1137,23.0
1138,24.0
1139,24.0
1140,25.0
1141,25.0
1142,26.0
1143,26.0
1144,1.0
1145,1.0
1146,2.0
1147,2.0
1148,3.0
1149,3.0
1150,4.0
1151,4.0
1152,5.0
1153,5.0
1154,6.0
1155,6.0
1156,7.0
1157,7.0
1158,8.0
1159,8.0
1160,9.0
1161,9.0
1162,10.0
1163,10.0
1164,11.0
1165,11.0
1166,12.0
1167,12.0
1168,13.0
1169,13.0
1170,14.0
1171,14.0
1172,15.0
1173,15.0
1174,16.0
1175,16.0
1176,17.0
1177,17.0
1178,18.0
1179,18.0
1180,19.0
1181,19.0
1182,20.0
1183,20.0
1184,21.0
1185,21.0
1186,22.0
1187,22.0
1188,23.0
1189,23.0
1190,24.0
1191,24.0
1192,25.0
1193,25.0
1194,26.0
1195,26.0
1196,1.0
1197,1.0
1198,2.0
1199,2.0
1200,3.0
1201,3.0
1202,4.0
1203,4.0
1204,5.0
1205,5.0
1206,6.0
1207,6.0
1208,7.0
1209,7.0
1210,8.0
1211,8.0
1212,9.0
1213,9.0
1214,10.0
1215,10.0
1216,11.0
1217,11.0
1218,12.0
1219,12.0
1220,13.0
1221,13.0
1222,14.0
1223,14.0
1224,15.0
1225,15.0
1226,16.0
1227,16.0
1228,17.0
1229,17.0
1230,18.0
1231,18.0
1232,19.0
1233,19.0
1234,20.0
1235,20.0
1236,21.0
1237,21.0
1238,22.0
1239,22.0
1240,23.0
1241,23.0
1242,24.0
1243,24.0
1244,25.0
1245,25.0
1246,26.0
1247,26.0
1248,1.0
1249,1.0
1250,2.0
1251,2.0
1252,3.0
1253,3.0
1254,4.0
1255,4.0
1256,5.0
1257,5.0
1258,6.0
1259,6.0
1260,7.0
1261,7.0
1262,8.0
1263,8.0
1264,9.0
1265,9.0
1266,10.0
1267,10.0
1268,11.0
1269,11.0
1270,12.0
1271,12.0
1272,13.0
1273,13.0
1274,14.0
1275,14.0
1276,15.0
1277,15.0
1278,16.0
1279,16.0
1280,17.0
1281,17.0
1282,18.0
1283,18.0
1284,19.0
1285,19.0
1286,20.0
1287,20.0
1288,21.0
1289,21.0
1290,22.0
1291,22.0
1292,23.0
1293,23.0
1294,24.0
1295,24.0
1296,25.0
1297,25.0
1298,26.0
1299,26.0
1300,1.0
1301,1.0
1302,2.0
1303,2.0
1304,3.0
1305,3.0
1306,4.0
1307,4.0
1308,5.0
1309,5.0
1310,6.0
1311,6.0
1312,7.0
1313,7.0
1314,8.0
1315,8.0
1316,9.0
1317,9.0
1318,10.0
1319,10.0
1320,11.0
1321,11.0
1322,12.0
1323,12.0
1324,13.0
1325,13.0
1326,14.0
1327,14.0
1328,15.0
1329,15.0
1330,16.0
1331,16.0
1332,17.0
1333,17.0
1334,18.0
1335,18.0
1336,19.0
1337,19.0
1338,20.0
1339,20.0
1340,21.0
1341,21.0
1342,22.0
1343,22.0
1344,23.0
1345,23.0
1346,24.0
1347,24.0
1348,25.0
1349,25.0
1350,26.0
1351,26.0
1352,1.0
1353,1.0
1354,2.0
1355,2.0
1356,3.0
1357,3.0
1358,4.0
1359,4.0
1360,5.0
1361,5.0
1362,6.0
1363,6.0
1364,7.0
1365,7.0
1366,8.0
1367,8.0
1368,9.0
1369,9.0
1370,10.0
1371,10.0
1372,11.0
1373,11.0
1374,12.0
1375,12.0
1376,13.0
1377,13.0
1378,14.0
1379,14.0
1380,15.0
1381,15.0
1382,16.0
1383,16.0
1384,17.0
1385,17.0
1386,18.0
1387,18.0
1388,19.0
1389,19.0
1390,20.0
1391,20.0
1392,21.0
1393,21.0
1394,22.0
1395,22.0
1396,23.0
1397,23.0
1398,24.0
1399,24.0
1400,25.0
1401,25.0
1402,26.0
1403,26.0
1404,1.0
1405,1.0
1406,2.0
1407,2.0
1408,3.0
1409,3.0
1410,4.0
1411,4.0
1412,5.0
1413,5.0
1414,6.0
1415,6.0
1416,7.0
1417,7.0
1418,8.0
1419,8.0
1420,9.0
1421,9.0
1422,10.0
1423,10.0
1424,11.0
1425,11.0
1426,12.0
1427,12.0
1428,13.0
1429,13.0
1430,14.0
1431,14.0
1432,15.0
1433,15.0
1434,16.0
1435,16.0
1436,17.0
1437,17.0
1438,18.0
1439,18.0
1440,19.0
1441,19.0
1442,20.0
1443,20.0
1444,21.0
1445,21.0
1446,22.0
1447,22.0
1448,23.0
1449,23.0
1450,24.0
1451,24.0
1452,25.0
1453,25.0
1454,26.0
1455,26.0
1456,1.0
1457,1.0
1458,2.0
1459,2.0
1460,3.0
1461,3.0
1462,4.0
1463,4.0
1464,5.0
1465,5.0
1466,6.0
1467,6.0
1468,7.0
1469,7.0
1470,8.0
1471,8.0
1472,9.0
1473,9.0
1474,10.0
1475,10.0
1476,11.0
1477,11.0
1478,12.0
1479,12.0
1480,13.0
1481,13.0
1482,14.0
1483,14.0
1484,15.0
1485,15.0
1486,16.0
1487,16.0
1488,17.0
1489,17.0
1490,18.0
1491,18.0
1492,19.0
1493,19.0
1494,20.0
1495,20.0
1496,21.0
1497,21.0
1498,22.0
1499,22.0
1500,23.0
1501,23.0
1502,24.0
1503,24.0
1504,25.0
1505,25.0
1506,26.0
1507,26.0
1508,1.0
1509,1.0
1510,2.0
1511,2.0
1512,3.0
1513,3.0
1514,4.0
1515,4.0
1516,5.0
1517,5.0
1518,6.0
1519,6.0
1520,7.0
1521,7.0
1522,8.0
1523,8.0
1524,9.0
1525,9.0
1526,10.0
1527,10.0
1528,11.0
1529,11.0
1530,12.0
1531,12.0
1532,13.0
1533,13.0
1534,14.0
1535,14.0
1536,15.0
1537,15.0
1538,16.0
1539,16.0
1540,17.0
1541,17.0
1542,18.0
1543,18.0
1544,19.0
1545,19.0
1546,20.0
1547,20.0
1548,21.0
1549,21.0
1550,22.0
1551,22.0
1552,23.0
1553,23.0
1554,24.0
1555,24.0
1556,25.0
1557,25.0
1558,26.0
1559,26.0
1560,1.0
1561,1.0
1562,2.0
1563,2.0
1564,3.0
1565,3.0
1566,4.0
1567,4.0
1568,5.0
1569,5.0
1570,6.0
1571,6.0
1572,7.0
1573,7.0
1574,8.0
1575,8.0
1576,9.0
1577,9.0
1578,10.0
1579,10.0
1580,11.0
1581,11.0
1582,12.0
1583,12.0
1584,13.0
1585,13.0
1586,14.0
1587,14.0
1588,15.0
1589,15.0
1590,16.0
1591,16.0
1592,17.0
1593,17.0
1594,18.0
1595,18.0
1596,19.0
1597,19.0
1598,20.0
1599,20.0
1600,21.0
1601,21.0
1602,22.0
1603,22.0
1604,23.0
1605,23.0
1606,24.0
1607,24.0
1608,25.0
1609,25.0
1610,26.0
1611,26.0
1612,1.0
1613,1.0
1614,2.0
1615,2.0
1616,3.0
1617,3.0
1618,4.0
1619,4.0
1620,5.0
1621,5.0
1622,6.0
1623,6.0
1624,7.0
1625,7.0
1626,8.0
1627,8.0
1628,9.0
1629,9.0
1630,10.0
1631,10.0
1632,11.0
1633,11.0
1634,12.0
1635,12.0
1636,13.0
1637,13.0
1638,14.0
1639,14.0
1640,15.0
1641,15.0
1642,16.0
1643,16.0
1644,17.0
1645,17.0
1646,18.0
1647,18.0
1648,19.0
1649,19.0
1650,20.0
1651,20.0
1652,21.0
1653,21.0
1654,22.0
1655,22.0
1656,23.0
1657,23.0
1658,24.0
1659,24.0
1660,25.0
1661,25.0
1662,26.0
1663,26.0
1664,1.0
1665,1.0
1666,2.0
1667,2.0
1668,3.0
1669,3.0
1670,4.0
1671,4.0
1672,5.0
1673,5.0
1674,6.0
1675,6.0
1676,7.0
1677,7.0
1678,8.0
1679,8.0
1680,9.0
1681,9.0
1682,10.0
1683,10.0
1684,11.0
1685,11.0
1686,12.0
1687,12.0
1688,13.0
1689,13.0
1690,14.0
1691,14.0
1692,15.0
1693,15.0
1694,16.0
1695,16.0
1696,17.0
1697,17.0
1698,18.0
1699,18.0
1700,19.0
1701,19.0
1702,20.0
1703,20.0
1704,21.0
1705,21.0
1706,22.0
1707,22.0
1708,23.0
1709,23.0
1710,24.0
1711,24.0
1712,25.0
1713,25.0
1714,26.0
1715,26.0
1716,1.0
1717,1.0
1718,2.0
1719,2.0
1720,3.0
1721,3.0
1722,4.0
1723,4.0
1724,5.0
1725,5.0
1726,6.0
1727,6.0
1728,7.0
1729,7.0
1730,8.0
1731,8.0
1732,9.0
1733,9.0
1734,10.0
1735,10.0
1736,11.0
1737,11.0
1738,12.0
1739,12.0
1740,13.0
1741,13.0
1742,14.0
1743,14.0
1744,15.0
1745,15.0
1746,16.0
1747,16.0
1748,17.0
1749,17.0
1750,18.0
1751,18.0
1752,19.0
1753,19.0
1754,20.0
1755,20.0
1756,21.0
1757,21.0
1758,22.0
1759,22.0
1760,23.0
1761,23.0
1762,24.0
1763,24.0
1764,25.0
1765,25.0
1766,26.0
1767,26.0
1768,1.0
1769,1.0
1770,2.0
1771,2.0
1772,3.0
1773,3.0
1774,4.0
1775,4.0
1776,5.0
1777,5.0
1778,6.0
1779,6.0
1780,7.0
1781,7.0
1782,8.0
1783,8.0
1784,9.0
1785,9.0
1786,10.0
1787,10.0
1788,11.0
1789,11.0
1790,12.0
1791,12.0
1792,13.0
1793,13.0
1794,14.0
1795,14.0
1796,15.0
1797,15.0
1798,16.0
1799,16.0
1800,17.0
1801,17.0
1802,18.0
1803,18.0
1804,19.0
1805,19.0
1806,20.0
1807,20.0
1808,21.0
1809,21.0
1810,22.0
1811,22.0
1812,23.0
1813,23.0
1814,24.0
1815,24.0
1816,25.0
1817,25.0
1818,26.0
1819,26.0
1820,1.0
1821,1.0
1822,2.0
1823,2.0
1824,3.0
1825,3.0
1826,4.0
1827,4.0
1828,5.0
1829,5.0
1830,6.0
1831,6.0
1832,7.0
1833,7.0
1834,8.0
1835,8.0
1836,9.0
1837,9.0
1838,10.0
1839,10.0
1840,11.0
1841,11.0
1842,12.0
1843,12.0
1844,13.0
1845,13.0
1846,14.0
1847,14.0
1848,15.0
1849,15.0
1850,16.0
1851,16.0
1852,17.0
1853,17.0
1854,18.0
1855,18.0
1856,19.0
1857,19.0
1858,20.0
1859,20.0
1860,21.0
1861,21.0
1862,22.0
1863,22.0
1864,23.0
1865,23.0
1866,24.0
1867,24.0
1868,25.0
1869,25.0
1870,26.0
1871,26.0
1872,1.0
1873,1.0
1874,2.0
1875,2.0
1876,3.0
1877,3.0
1878,4.0
1879,4.0
1880,5.0
1881,5.0
1882,6.0
1883,6.0
1884,7.0
1885,7.0
1886,8.0
1887,8.0
1888,9.0
1889,9.0
1890,10.0
1891,10.0
1892,11.0
1893,11.0
1894,12.0
1895,12.0
1896,13.0
1897,13.0
1898,14.0
1899,14.0
1900,15.0
1901,15.0
1902,16.0
1903,16.0
1904,17.0
1905,17.0
1906,18.0
1907,18.0
1908,19.0
1909,19.0
1910,20.0
1911,20.0
1912,21.0
1913,21.0
1914,22.0
1915,22.0
1916,23.0
1917,23.0
1918,24.0
1919,24.0
1920,25.0
1921,25.0
1922,26.0
1923,26.0
1924,1.0
1925,1.0
1926,2.0
1927,2.0
1928,3.0
1929,3.0
1930,4.0
1931,4.0
1932,5.0
1933,5.0
1934,6.0
1935,6.0
1936,7.0
1937,7.0
1938,8.0
1939,8.0
1940,9.0
1941,9.0
1942,10.0
1943,10.0
1944,11.0
1945,11.0
1946,12.0
1947,12.0
1948,13.0
1949,13.0
1950,14.0
1951,14.0
1952,15.0
1953,15.0
1954,16.0
1955,16.0
1956,17.0
1957,17.0
1958,18.0
1959,18.0
1960,19.0
1961,19.0
1962,20.0
1963,20.0
1964,21.0
1965,21.0
1966,22.0
1967,22.0
1968,23.0
1969,23.0
1970,24.0
1971,24.0
1972,25.0
1973,25.0
1974,26.0
1975,26.0
1976,1.0
1977,1.0
1978,2.0
1979,2.0
1980,3.0
1981,3.0
1982,4.0
1983,4.0
1984,5.0
1985,5.0
1986,6.0
1987,6.0
1988,7.0
1989,7.0
1990,8.0
1991,8.0
1992,9.0
1993,9.0
1994,10.0
1995,10.0
1996,11.0
1997,11.0
1998,12.0
1999,12.0
2000,13.0
2001,13.0
2002,14.0
2003,14.0
2004,15.0
2005,15.0
2006,16.0
2007,16.0
2008,17.0
2009,17.0
2010,18.0
2011,18.0
2012,19.0
2013,19.0
2014,20.0
2015,20.0
2016,21.0
2017,21.0
2018,22.0
2019,22.0
2020,23.0
2021,23.0
2022,24.0
2023,24.0
2024,25.0
2025,25.0
2026,26.0
2027,26.0
2028,1.0
2029,1.0
2030,2.0
2031,2.0
2032,3.0
2033,3.0
2034,4.0
2035,4.0
2036,5.0
2037,5.0
2038,6.0
2039,6.0
2040,7.0
2041,7.0
2042,8.0
2043,8.0
2044,9.0
2045,9.0
2046,10.0
2047,10.0
2048,11.0
2049,11.0
2050,12.0
2051,12.0
2052,13.0
2053,13.0
2054,14.0
2055,14.0
2056,15.0
2057,15.0
2058,16.0
2059,16.0
2060,17.0
2061,17.0
2062,18.0
2063,18.0
2064,19.0
2065,19.0
2066,20.0
2067,20.0
2068,21.0
2069,21.0
2070,22.0
2071,22.0
2072,23.0
2073,23.0
2074,24.0
2075,24.0
2076,25.0
2077,25.0
2078,26.0
2079,26.0
2080,1.0
2081,1.0
2082,2.0
2083,2.0
2084,3.0
2085,3.0
2086,4.0
2087,4.0
2088,5.0
2089,5.0
2090,6.0
2091,6.0
2092,7.0
2093,7.0
2094,8.0
2095,8.0
2096,9.0
2097,9.0
2098,10.0
2099,10.0
2100,11.0
2101,11.0
2102,12.0
2103,12.0
2104,13.0
2105,13.0
2106,14.0
2107,14.0
2108,15.0
2109,15.0
2110,16.0
2111,16.0
2112,17.0
2113,17.0
2114,18.0
2115,18.0
2116,19.0
2117,19.0
2118,20.0
2119,20.0
2120,21.0
2121,21.0
2122,22.0
2123,22.0
2124,23.0
2125,23.0
2126,24.0
2127,24.0
2128,25.0
2129,25.0
2130,26.0
2131,26.0
2132,1.0
2133,1.0
2134,2.0
2135,2.0
2136,3.0
2137,3.0
2138,4.0
2139,4.0
2140,5.0
2141,5.0
2142,6.0
2143,6.0
2144,7.0
2145,7.0
2146,8.0
2147,8.0
2148,9.0
2149,9.0
2150,10.0
2151,10.0
2152,11.0
2153,11.0
2154,12.0
2155,12.0
2156,13.0
2157,13.0
2158,14.0
2159,14.0
2160,15.0
2161,15.0
2162,16.0
2163,16.0
2164,17.0
2165,17.0
2166,18.0
2167,18.0
2168,19.0
2169,19.0
2170,20.0
2171,20.0
2172,21.0
2173,21.0
2174,22.0
2175,22.0
2176,23.0
2177,23.0
2178,24.0
2179,24.0
2180,25.0
2181,25.0
2182,26.0
2183,26.0
2184,1.0
2185,1.0
2186,2.0
2187,2.0
2188,3.0
2189,3.0
2190,4.0
2191,4.0
2192,5.0
2193,5.0
2194,6.0
2195,6.0
2196,7.0
2197,7.0
2198,8.0
2199,8.0
2200,9.0
2201,9.0
2202,10.0
2203,10.0
2204,11.0
2205,11.0
2206,12.0
2207,12.0
2208,13.0
2209,13.0
2210,14.0
2211,14.0
2212,15.0
2213,15.0
2214,16.0
2215,16.0
2216,17.0
2217,17.0
2218,18.0
2219,18.0
2220,19.0
2221,19.0
2222,20.0
2223,20.0
2224,21.0
2225,21.0
2226,22.0
2227,22.0
2228,23.0
2229,23.0
2230,24.0
2231,24.0
2232,25.0
2233,25.0
2234,26.0
2235,26.0
2236,1.0
2237,1.0
2238,2.0
2239,2.0
2240,3.0
2241,3.0
2242,4.0
2243,4.0
2244,5.0
2245,5.0
2246,6.0
2247,6.0
2248,7.0
2249,7.0
2250,8.0
2251,8.0
2252,9.0
2253,9.0
2254,10.0
2255,10.0
2256,11.0
2257,11.0
2258,12.0
2259,12.0
2260,13.0
2261,13.0
2262,14.0
2263,14.0
2264,15.0
2265,15.0
2266,16.0
2267,16.0
2268,17.0
2269,17.0
2270,18.0
2271,18.0
2272,19.0
2273,19.0
2274,20.0
2275,20.0
2276,21.0
2277,21.0
2278,22.0
2279,22.0
2280,23.0
2281,23.0
2282,24.0
2283,24.0
2284,25.0
2285,25.0
2286,26.0
2287,26.0
2288,1.0
2289,1.0
2290,2.0
2291,2.0
2292,3.0
2293,3.0
2294,4.0
2295,4.0
2296,5.0
2297,5.0
2298,6.0
2299,6.0
2300,7.0
2301,7.0
2302,8.0
2303,8.0
2304,9.0
2305,9.0
2306,10.0
2307,10.0
2308,11.0
2309,11.0
2310,12.0
2311,12.0
2312,13.0
2313,13.0
2314,14.0
2315,14.0
2316,15.0
2317,15.0
2318,16.0
2319,16.0
2320,17.0
2321,17.0
2322,18.0
2323,18.0
2324,19.0
2325,19.0
2326,20.0
2327,20.0
2328,21.0
2329,21.0
2330,22.0
2331,22.0
2332,23.0
2333,23.0
2334,24.0
2335,24.0
2336,25.0
2337,25.0
2338,26.0
2339,26.0
2340,1.0
2341,1.0
2342,2.0
2343,2.0
2344,3.0
2345,3.0
2346,4.0
2347,4.0
2348,5.0
2349,5.0
2350,6.0
2351,6.0
2352,7.0
2353,7.0
2354,8.0
2355,8.0
2356,9.0
2357,9.0
2358,10.0
2359,10.0
2360,11.0
2361,11.0
2362,12.0
2363,12.0
2364,13.0
2365,13.0
2366,14.0
2367,14.0
2368,15.0
2369,15.0
2370,16.0
2371,16.0
2372,17.0
2373,17.0
2374,18.0
2375,18.0
2376,19.0
2377,19.0
2378,20.0
2379,20.0
2380,21.0
2381,21.0
2382,22.0
2383,22.0
2384,23.0
2385,23.0
2386,24.0
2387,24.0
2388,25.0
2389,25.0
2390,26.0
2391,26.0
2392,1.0
2393,1.0
2394,2.0
2395,2.0
2396,3.0
2397,3.0
2398,4.0
2399,4.0
2400,5.0
2401,5.0
2402,6.0
2403,6.0
2404,7.0
2405,7.0
2406,8.0
2407,8.0
2408,9.0
2409,9.0
2410,10.0
2411,10.0
2412,11.0
2413,11.0
2414,12.0
2415,12.0
2416,13.0
2417,13.0
2418,14.0
2419,14.0
2420,15.0
2421,15.0
2422,16.0
2423,16.0
2424,17.0
2425,17.0
2426,18.0
2427,18.0
2428,19.0
2429,19.0
2430,20.0
2431,20.0
2432,21.0
2433,21.0
2434,22.0
2435,22.0
2436,23.0
2437,23.0
2438,24.0
2439,24.0
2440,25.0
2441,25.0
2442,26.0
2443,26.0
2444,1.0
2445,1.0
2446,2.0
2447,2.0
2448,3.0
2449,3.0
2450,4.0
2451,4.0
2452,5.0
2453,5.0
2454,6.0
2455,6.0
2456,7.0
2457,7.0
2458,8.0
2459,8.0
2460,9.0
2461,9.0
2462,10.0
2463,10.0
2464,11.0
2465,11.0
2466,12.0
2467,12.0
2468,13.0
2469,13.0
2470,14.0
2471,14.0
2472,15.0
2473,15.0
2474,16.0
2475,16.0
2476,17.0
2477,17.0
2478,18.0
2479,18.0
2480,19.0
2481,19.0
2482,20.0
2483,20.0
2484,21.0
2485,21.0
2486,22.0
2487,22.0
2488,23.0
2489,23.0
2490,24.0
2491,24.0
2492,25.0
2493,25.0
2494,26.0
2495,26.0
2496,1.0
2497,1.0
2498,2.0
2499,2.0
2500,3.0
2501,3.0
2502,4.0
2503,4.0
2504,5.0
2505,5.0
2506,6.0
2507,6.0
2508,7.0
2509,7.0
2510,8.0
2511,8.0
2512,9.0
2513,9.0
2514,10.0
2515,10.0
2516,11.0
2517,11.0
2518,12.0
2519,12.0
2520,13.0
2521,13.0
2522,14.0
2523,14.0
2524,15.0
2525,15.0
2526,16.0
2527,16.0
2528,17.0
2529,17.0
2530,18.0
2531,18.0
2532,19.0
2533,19.0
2534,20.0
2535,20.0
2536,21.0
2537,21.0
2538,22.0
2539,22.0
2540,23.0
2541,23.0
2542,24.0
2543,24.0
2544,25.0
2545,25.0
2546,26.0
2547,26.0
2548,1.0
2549,1.0
2550,2.0
2551,2.0
2552,3.0
2553,3.0
2554,4.0
2555,4.0
2556,5.0
2557,5.0
2558,6.0
2559,6.0
2560,7.0
2561,7.0
2562,8.0
2563,8.0
2564,9.0
2565,9.0
2566,10.0
2567,10.0
2568,11.0
2569,11.0
2570,12.0
2571,12.0
2572,13.0
2573,13.0
2574,14.0
2575,14.0
2576,15.0
2577,15.0
2578,16.0
2579,16.0
2580,17.0
2581,17.0
2582,18.0
2583,18.0
2584,19.0
2585,19.0
2586,20.0
2587,20.0
2588,21.0
2589,21.0
2590,22.0
2591,22.0
2592,23.0
2593,23.0
2594,24.0
2595,24.0
2596,25.0
2597,25.0
2598,26.0
2599,26.0
2600,1.0
2601,1.0
2602,2.0
2603,2.0
2604,3.0
2605,3.0
2606,4.0
2607,4.0
2608,5.0
2609,5.0
2610,6.0
2611,6.0
2612,7.0
2613,7.0
2614,8.0
2615,8.0
2616,9.0
2617,9.0
2618,10.0
2619,10.0
2620,11.0
2621,11.0
2622,12.0
2623,12.0
2624,13.0
2625,13.0
2626,14.0
2627,14.0
2628,15.0
2629,15.0
2630,16.0
2631,16.0
2632,17.0
2633,17.0
2634,18.0
2635,18.0
2636,19.0
2637,19.0
2638,20.0
2639,20.0
2640,21.0
2641,21.0
2642,22.0
2643,22.0
2644,23.0
2645,23.0
2646,24.0
2647,24.0
2648,25.0
2649,25.0
2650,26.0
2651,26.0
2652,1.0
2653,1.0
2654,2.0
2655,2.0
2656,3.0
2657,3.0
2658,4.0
2659,4.0
2660,5.0
2661,5.0
2662,6.0
2663,6.0
2664,7.0
2665,7.0
2666,8.0
2667,8.0
2668,9.0
2669,9.0
2670,10.0
2671,10.0
2672,11.0
2673,11.0
2674,12.0
2675,12.0
2676,13.0
2677,13.0
2678,14.0
2679,14.0
2680,15.0
2681,15.0
2682,16.0
2683,16.0
2684,17.0
2685,17.0
2686,18.0
2687,18.0
2688,19.0
2689,19.0
2690,20.0
2691,20.0
2692,21.0
2693,21.0
2694,22.0
2695,22.0
2696,23.0
2697,23.0
2698,24.0
2699,24.0
2700,25.0
2701,25.0
2702,26.0
2703,26.0
2704,1.0
2705,1.0
2706,2.0
2707,2.0
2708,3.0
2709,3.0
2710,4.0
2711,4.0
2712,5.0
2713,5.0
2714,6.0
2715,6.0
2716,7.0
2717,7.0
2718,8.0
2719,8.0
2720,9.0
2721,9.0
2722,10.0
2723,10.0
2724,11.0
2725,11.0
2726,12.0
2727,12.0
2728,13.0
2729,13.0
2730,14.0
2731,14.0
2732,15.0
2733,15.0
2734,16.0
2735,16.0
2736,17.0
2737,17.0
2738,18.0
2739,18.0
2740,19.0
2741,19.0
2742,20.0
2743,20.0
2744,21.0
2745,21.0
2746,22.0
2747,22.0
2748,23.0
2749,23.0
2750,24.0
2751,24.0
2752,25.0
2753,25.0
2754,26.0
2755,26.0
2756,1.0
2757,1.0
2758,2.0
2759,2.0
2760,3.0
2761,3.0
2762,4.0
2763,4.0
2764,5.0
2765,5.0
2766,6.0
2767,6.0
2768,7.0
2769,7.0
2770,8.0
2771,8.0
2772,9.0
2773,9.0
2774,10.0
2775,10.0
2776,11.0
2777,11.0
2778,12.0
2779,12.0
2780,13.0
2781,13.0
2782,14.0
2783,14.0
2784,15.0
2785,15.0
2786,16.0
2787,16.0
2788,17.0
2789,17.0
2790,18.0
2791,18.0
2792,19.0
2793,19.0
2794,20.0
2795,20.0
2796,21.0
2797,21.0
2798,22.0
2799,22.0
2800,23.0
2801,23.0
2802,24.0
2803,24.0
2804,25.0
2805,25.0
2806,26.0
2807,26.0
2808,1.0
2809,1.0
2810,2.0
2811,2.0
2812,3.0
2813,3.0
2814,4.0
2815,4.0
2816,5.0
2817,5.0
2818,6.0
2819,6.0
2820,7.0
2821,7.0
2822,8.0
2823,8.0
2824,9.0
2825,9.0
2826,10.0
2827,10.0
2828,11.0
2829,11.0
2830,12.0
2831,12.0
2832,13.0
2833,13.0
2834,14.0
2835,14.0
2836,15.0
2837,15.0
2838,16.0
2839,16.0
2840,17.0
2841,17.0
2842,18.0
2843,18.0
2844,19.0
2845,19.0
2846,20.0
2847,20.0
2848,21.0
2849,21.0
2850,22.0
2851,22.0
2852,23.0
2853,23.0
2854,24.0
2855,24.0
2856,25.0
2857,25.0
2858,26.0
2859,26.0
2860,1.0
2861,1.0
2862,2.0
2863,2.0
2864,3.0
2865,3.0
2866,4.0
2867,4.0
2868,5.0
2869,5.0
2870,6.0
2871,6.0
2872,7.0
2873,7.0
2874,8.0
2875,8.0
2876,9.0
2877,9.0
2878,10.0
2879,10.0
2880,11.0
2881,11.0
2882,12.0
2883,12.0
2884,13.0
2885,13.0
2886,14.0
2887,14.0
2888,15.0
2889,15.0
2890,16.0
2891,16.0
2892,17.0
2893,17.0
2894,18.0
2895,18.0
2896,19.0
2897,19.0
2898,20.0
2899,20.0
2900,21.0
2901,21.0
2902,22.0
2903,22.0
2904,23.0
2905,23.0
2906,24.0
2907,24.0
2908,25.0
2909,25.0
2910,26.0
2911,26.0
2912,1.0
2913,1.0
2914,2.0
2915,2.0
2916,3.0
2917,3.0
2918,4.0
2919,4.0
2920,5.0
2921,5.0
2922,6.0
2923,6.0
2924,7.0
2925,7.0
2926,8.0
2927,8.0
2928,9.0
2929,9.0
2930,10.0
2931,10.0
2932,11.0
2933,11.0
2934,12.0
2935,12.0
2936,13.0
2937,13.0
2938,14.0
2939,14.0
2940,15.0
2941,15.0
2942,16.0
2943,16.0
2944,17.0
2945,17.0
2946,18.0
2947,18.0
2948,19.0
2949,19.0
2950,20.0
2951,20.0
2952,21.0
2953,21.0
2954,22.0
2955,22.0
2956,23.0
2957,23.0
2958,24.0
2959,24.0
2960,25.0
2961,25.0
2962,26.0
2963,26.0
2964,1.0
2965,1.0
2966,2.0
2967,2.0
2968,3.0
2969,3.0
2970,4.0
2971,4.0
2972,5.0
2973,5.0
2974,6.0
2975,6.0
2976,7.0
2977,7.0
2978,8.0
2979,8.0
2980,9.0
2981,9.0
2982,10.0
2983,10.0
2984,11.0
2985,11.0
2986,12.0
2987,12.0
2988,13.0
2989,13.0
2990,14.0
2991,14.0
2992,15.0
2993,15.0
2994,16.0
2995,16.0
2996,17.0
2997,17.0
2998,18.0
2999,18.0
3000,19.0
3001,19.0
3002,20.0
3003,20.0
3004,21.0
3005,21.0
3006,22.0
3007,22.0
3008,23.0
3009,23.0
3010,24.0
3011,24.0
3012,25.0
3013,25.0
3014,26.0
3015,26.0
3016,1.0
3017,1.0
3018,2.0
3019,2.0
3020,3.0
3021,3.0
3022,4.0
3023,4.0
3024,5.0
3025,5.0
3026,6.0
3027,6.0
3028,7.0
3029,7.0
3030,8.0
3031,8.0
3032,9.0
3033,9.0
3034,10.0
3035,10.0
3036,11.0
3037,11.0
3038,12.0
3039,12.0
3040,13.0
3041,13.0
3042,14.0
3043,14.0
3044,15.0
3045,15.0
3046,16.0
3047,16.0
3048,17.0
3049,17.0
3050,18.0
3051,18.0
3052,19.0
3053,19.0
3054,20.0
3055,20.0
3056,21.0
3057,21.0
3058,22.0
3059,22.0
3060,23.0
3061,23.0
3062,24.0
3063,24.0
3064,25.0
3065,25.0
3066,26.0
3067,26.0
3068,1.0
3069,1.0
3070,2.0
3071,2.0
3072,3.0
3073,3.0
3074,4.0
3075,4.0
3076,5.0
3077,5.0
3078,6.0
3079,6.0
3080,7.0
3081,7.0
3082,8.0
3083,8.0
3084,9.0
3085,9.0
3086,10.0
3087,10.0
3088,11.0
3089,11.0
3090,12.0
3091,12.0
3092,13.0
3093,13.0
3094,14.0
3095,14.0
3096,15.0
3097,15.0
3098,16.0
3099,16.0
3100,17.0
3101,17.0
3102,18.0
3103,18.0
3104,19.0
3105,19.0
3106,20.0
3107,20.0
3108,21.0
3109,21.0
3110,22.0
3111,22.0
3112,23.0
3113,23.0
3114,24.0
3115,24.0
3116,25.0
3117,25.0
3118,26.0
3119,26.0
3120,1.0
3121,2.0
3122,3.0
3123,4.0
3124,5.0
3125,6.0
3126,7.0
3127,8.0
3128,9.0
3129,10.0
3130,11.0
3131,12.0
3132,13.0
3133,14.0
3134,15.0
3135,16.0
3136,17.0
3137,18.0
3138,19.0
3139,20.0
3140,21.0
3141,22.0
3142,23.0
3143,24.0
3144,25.0
3145,26.0
3146,1.0
3147,2.0
3148,3.0
3149,4.0
3150,5.0
3151,6.0
3152,7.0
3153,8.0
3154,9.0
3155,10.0
3156,11.0
3157,12.0
3158,13.0
3159,14.0
3160,15.0
3161,16.0
3162,17.0
3163,18.0
3164,19.0
3165,20.0
3166,21.0
3167,22.0
3168,23.0
3169,24.0
3170,25.0
3171,26.0
3172,1.0
3173,2.0
3174,3.0
3175,4.0
3176,5.0
3177,6.0
3178,7.0
3179,8.0
3180,9.0
3181,10.0
3182,11.0
3183,12.0
3184,13.0
3185,14.0
3186,15.0
3187,16.0
3188,17.0
3189,18.0
3190,19.0
3191,20.0
3192,21.0
3193,22.0
3194,23.0
3195,24.0
3196,25.0
3197,26.0
3198,1.0
3199,2.0
3200,3.0
3201,4.0
3202,5.0
3203,6.0
3204,7.0
3205,8.0
3206,9.0
3207,10.0
3208,11.0
3209,12.0
3210,13.0
3211,14.0
3212,15.0
3213,16.0
3214,17.0
3215,18.0
3216,19.0
3217,20.0
3218,21.0
3219,22.0
3220,23.0
3221,24.0
3222,25.0
3223,26.0
3224,1.0
3225,2.0
3226,3.0
3227,4.0
3228,5.0
3229,6.0
3230,7.0
3231,8.0
3232,9.0
3233,10.0
3234,11.0
3235,12.0
3236,13.0
3237,14.0
3238,15.0
3239,16.0
3240,17.0
3241,18.0
3242,19.0
3243,20.0
3244,21.0
3245,22.0
3246,23.0
3247,24.0
3248,25.0
3249,26.0
3250,1.0
3251,2.0
3252,3.0
3253,4.0
3254,5.0
3255,6.0
3256,7.0
3257,8.0
3258,9.0
3259,10.0
3260,11.0
3261,12.0
3262,13.0
3263,14.0
3264,15.0
3265,16.0
3266,17.0
3267,18.0
3268,19.0
3269,20.0
3270,21.0
3271,22.0
3272,23.0
3273,24.0
3274,25.0
3275,26.0
3276,1.0
3277,2.0
3278,3.0
3279,4.0
3280,5.0
3281,6.0
3282,7.0
3283,8.0
3284,9.0
3285,10.0
3286,11.0
3287,12.0
3288,13.0
3289,14.0
3290,15.0
3291,16.0
3292,17.0
3293,18.0
3294,19.0
3295,20.0
3296,21.0
3297,22.0
3298,23.0
3299,24.0
3300,25.0
3301,26.0
3302,1.0
3303,2.0
3304,3.0
3305,4.0
3306,5.0
3307,6.0
3308,7.0
3309,8.0
3310,9.0
3311,10.0
3312,11.0
3313,12.0
3314,13.0
3315,14.0
3316,15.0
3317,16.0
3318,17.0
3319,18.0
3320,19.0
3321,20.0
3322,21.0
3323,22.0
3324,23.0
3325,24.0
3326,25.0
3327,26.0
3328,1.0
3329,2.0
3330,3.0
3331,4.0
3332,5.0
3333,6.0
3334,7.0
3335,8.0
3336,9.0
3337,10.0
3338,11.0
3339,12.0
3340,13.0
3341,14.0
3342,15.0
3343,16.0
3344,17.0
3345,18.0
3346,19.0
3347,20.0
3348,21.0
3349,22.0
3350,23.0
3351,24.0
3352,25.0
3353,26.0
3354,1.0
3355,2.0
3356,3.0
3357,4.0
3358,5.0
3359,6.0
3360,7.0
3361,8.0
3362,9.0
3363,10.0
3364,11.0
3365,12.0
3366,13.0
3367,14.0
3368,15.0
3369,16.0
3370,17.0
3371,18.0
3372,19.0
3373,20.0
3374,21.0
3375,22.0
3376,23.0
3377,24.0
3378,25.0
3379,26.0
3380,1.0
3381,2.0
3382,3.0
3383,4.0
3384,5.0
3385,6.0
3386,7.0
3387,8.0
3388,9.0
3389,10.0
3390,11.0
3391,12.0
3392,13.0
3393,14.0
3394,15.0
3395,16.0
3396,17.0
3397,18.0
3398,19.0
3399,20.0
3400,21.0
3401,22.0
3402,23.0
3403,24.0
3404,25.0
3405,26.0
3406,1.0
3407,2.0
3408,3.0
3409,4.0
3410,5.0
3411,6.0
3412,7.0
3413,8.0
3414,9.0
3415,10.0
3416,11.0
3417,12.0
3418,13.0
3419,14.0
3420,15.0
3421,16.0
3422,17.0
3423,18.0
3424,19.0
3425,20.0
3426,21.0
3427,22.0
3428,23.0
3429,24.0
3430,25.0
3431,26.0
3432,1.0
3433,2.0
3434,3.0
3435,4.0
3436,5.0
3437,6.0
3438,7.0
3439,8.0
3440,9.0
3441,10.0
3442,11.0
3443,12.0
3444,13.0
3445,14.0
3446,15.0
3447,16.0
3448,17.0
3449,18.0
3450,19.0
3451,20.0
3452,21.0
3453,22.0
3454,23.0
3455,24.0
3456,25.0
3457,26.0
3458,1.0
3459,2.0
3460,3.0
3461,4.0
3462,5.0
3463,6.0
3464,7.0
3465,8.0
3466,9.0
3467,10.0
3468,11.0
3469,12.0
3470,13.0
3471,14.0
3472,15.0
3473,16.0
3474,17.0
3475,18.0
3476,19.0
3477,20.0
3478,21.0
3479,22.0
3480,23.0
3481,24.0
3482,25.0
3483,26.0
3484,1.0
3485,2.0
3486,3.0
3487,4.0
3488,5.0
3489,6.0
3490,7.0
3491,8.0
3492,9.0
3493,10.0
3494,11.0
3495,12.0
3496,13.0
3497,14.0
3498,15.0
3499,16.0
3500,17.0
3501,18.0
3502,19.0
3503,20.0
3504,21.0
3505,22.0
3506,23.0
3507,24.0
3508,25.0
3509,26.0
3510,1.0
3511,2.0
3512,3.0
3513,4.0
3514,5.0
3515,6.0
3516,7.0
3517,8.0
3518,9.0
3519,10.0
3520,11.0
3521,12.0
3522,13.0
3523,14.0
3524,15.0
3525,16.0
3526,17.0
3527,18.0
3528,19.0
3529,20.0
3530,21.0
3531,22.0
3532,23.0
3533,24.0
3534,25.0
3535,26.0
3536,1.0
3537,2.0
3538,3.0
3539,4.0
3540,5.0
3541,6.0
3542,7.0
3543,8.0
3544,9.0
3545,10.0
3546,11.0
3547,12.0
3548,13.0
3549,14.0
3550,15.0
3551,16.0
3552,17.0
3553,18.0
3554,19.0
3555,20.0
3556,21.0
3557,22.0
3558,23.0
3559,24.0
3560,25.0
3561,26.0
3562,1.0
3563,2.0
3564,3.0
3565,4.0
3566,5.0
3567,6.0
3568,7.0
3569,8.0
3570,9.0
3571,10.0
3572,11.0
3573,12.0
3574,13.0
3575,14.0
3576,15.0
3577,16.0
3578,17.0
3579,18.0
3580,19.0
3581,20.0
3582,21.0
3583,22.0
3584,23.0
3585,24.0
3586,25.0
3587,26.0
3588,1.0
3589,2.0
3590,3.0
3591,4.0
3592,5.0
3593,6.0
3594,7.0
3595,8.0
3596,9.0
3597,10.0
3598,11.0
3599,12.0
3600,13.0
3601,14.0
3602,15.0
3603,16.0
3604,17.0
3605,18.0
3606,19.0
3607,20.0
3608,21.0
3609,22.0
3610,23.0
3611,24.0
3612,25.0
3613,26.0
3614,1.0
3615,2.0
3616,3.0
3617,4.0
3618,5.0
3619,6.0
3620,7.0
3621,8.0
3622,9.0
3623,10.0
3624,11.0
3625,12.0
3626,13.0
3627,14.0
3628,15.0
3629,16.0
3630,17.0
3631,18.0
3632,19.0
3633,20.0
3634,21.0
3635,22.0
3636,23.0
3637,24.0
3638,25.0
3639,26.0
3640,1.0
3641,2.0
3642,3.0
3643,4.0
3644,5.0
3645,6.0
3646,7.0
3647,8.0
3648,9.0
3649,10.0
3650,11.0
3651,12.0
3652,13.0
3653,14.0
3654,15.0
3655,16.0
3656,17.0
3657,18.0
3658,19.0
3659,20.0
3660,21.0
3661,22.0
3662,23.0
3663,24.0
3664,25.0
3665,26.0
3666,1.0
3667,2.0
3668,3.0
3669,4.0
3670,5.0
3671,6.0
3672,7.0
3673,8.0
3674,9.0
3675,10.0
3676,11.0
3677,12.0
3678,13.0
3679,14.0
3680,15.0
3681,16.0
3682,17.0
3683,18.0
3684,19.0
3685,20.0
3686,21.0
3687,22.0
3688,23.0
3689,24.0
3690,25.0
3691,26.0
3692,1.0
3693,2.0
3694,3.0
3695,4.0
3696,5.0
3697,6.0
3698,7.0
3699,8.0
3700,9.0
3701,10.0
3702,11.0
3703,12.0
3704,13.0
3705,14.0
3706,15.0
3707,16.0
3708,17.0
3709,18.0
3710,19.0
3711,20.0
3712,21.0
3713,22.0
3714,23.0
3715,24.0
3716,25.0
3717,26.0
3718,1.0
3719,2.0
3720,3.0
3721,4.0
3722,5.0
3723,6.0
3724,7.0
3725,8.0
3726,9.0
3727,10.0
3728,11.0
3729,12.0
3730,13.0
3731,14.0
3732,15.0
3733,16.0
3734,17.0
3735,18.0
3736,19.0
3737,20.0
3738,21.0
3739,22.0
3740,23.0
3741,24.0
3742,25.0
3743,26.0
3744,1.0
3745,2.0
3746,3.0
3747,4.0
3748,5.0
3749,6.0
3750,7.0
3751,8.0
3752,9.0
3753,10.0
3754,11.0
3755,12.0
3756,13.0
3757,14.0
3758,15.0
3759,16.0
3760,17.0
3761,18.0
3762,19.0
3763,20.0
3764,21.0
3765,22.0
3766,23.0
3767,24.0
3768,25.0
3769,26.0
3770,1.0
3771,2.0
3772,3.0
3773,4.0
3774,5.0
3775,6.0
3776,7.0
3777,8.0
3778,9.0
3779,10.0
3780,11.0
3781,12.0
3782,13.0
3783,14.0
3784,15.0
3785,16.0
3786,17.0
3787,18.0
3788,19.0
3789,20.0
3790,21.0
3791,22.0
3792,23.0
3793,24.0
3794,25.0
3795,26.0
3796,1.0
3797,2.0
3798,3.0
3799,4.0
3800,5.0
3801,6.0
3802,7.0
3803,8.0
3804,9.0
3805,10.0
3806,11.0
3807,12.0
3808,13.0
3809,14.0
3810,15.0
3811,16.0
3812,17.0
3813,18.0
3814,19.0
3815,20.0
3816,21.0
3817,22.0
3818,23.0
3819,24.0
3820,25.0
3821,26.0
3822,1.0
3823,2.0
3824,3.0
3825,4.0
3826,5.0
3827,6.0
3828,7.0
3829,8.0
3830,9.0
3831,10.0
3832,11.0
3833,12.0
3834,13.0
3835,14.0
3836,15.0
3837,16.0
3838,17.0
3839,18.0
3840,19.0
3841,20.0
3842,21.0
3843,22.0
3844,23.0
3845,24.0
3846,25.0
3847,26.0
3848,1.0
3849,2.0
3850,3.0
3851,4.0
3852,5.0
3853,6.0
3854,7.0
3855,8.0
3856,9.0
3857,10.0
3858,11.0
3859,12.0
3860,13.0
3861,14.0
3862,15.0
3863,16.0
3864,17.0
3865,18.0
3866,19.0
3867,20.0
3868,21.0
3869,22.0
3870,23.0
3871,24.0
3872,25.0
3873,26.0
3874,1.0
3875,2.0
3876,3.0
3877,4.0
3878,5.0
3879,6.0
3880,7.0
3881,8.0
3882,9.0
3883,10.0
3884,11.0
3885,12.0
3886,13.0
3887,14.0
3888,15.0
3889,16.0
3890,17.0
3891,18.0
3892,19.0
3893,20.0
3894,21.0
3895,22.0
3896,23.0
3897,24.0
3898,25.0
3899,26.0
3900,1.0
3901,2.0
3902,3.0
3903,4.0
3904,5.0
3905,6.0
3906,7.0
3907,8.0
3908,9.0
3909,10.0
3910,11.0
3911,12.0
3912,13.0
3913,14.0
3914,15.0
3915,16.0
3916,17.0
3917,18.0
3918,19.0
3919,20.0
3920,21.0
3921,22.0
3922,23.0
3923,24.0
3924,25.0
3925,26.0
3926,1.0
3927,2.0
3928,3.0
3929,4.0
3930,5.0
3931,6.0
3932,7.0
3933,8.0
3934,9.0
3935,10.0
3936,11.0
3937,12.0
3938,13.0
3939,14.0
3940,15.0
3941,16.0
3942,17.0
3943,18.0
3944,19.0
3945,20.0
3946,21.0
3947,22.0
3948,23.0
3949,24.0
3950,25.0
3951,26.0
3952,1.0
3953,2.0
3954,3.0
3955,4.0
3956,5.0
3957,6.0
3958,7.0
3959,8.0
3960,9.0
3961,10.0
3962,11.0
3963,12.0
3964,13.0
3965,14.0
3966,15.0
3967,16.0
3968,17.0
3969,18.0
3970,19.0
3971,20.0
3972,21.0
3973,22.0
3974,23.0
3975,24.0
3976,25.0
3977,26.0
3978,1.0
3979,2.0
3980,3.0
3981,4.0
3982,5.0
3983,6.0
3984,7.0
3985,8.0
3986,9.0
3987,10.0
3988,11.0
3989,12.0
3990,13.0
3991,14.0
3992,15.0
3993,16.0
3994,17.0
3995,18.0
3996,19.0
3997,20.0
3998,21.0
3999,22.0
4000,23.0
4001,24.0
4002,25.0
4003,26.0
4004,1.0
4005,2.0
4006,3.0
4007,4.0
4008,5.0
4009,6.0
4010,7.0
4011,8.0
4012,9.0
4013,10.0
4014,11.0
4015,12.0
4016,13.0
4017,14.0
4018,15.0
4019,16.0
4020,17.0
4021,18.0
4022,19.0
4023,20.0
4024,21.0
4025,22.0
4026,23.0
4027,24.0
4028,25.0
4029,26.0
4030,1.0
4031,2.0
4032,3.0
4033,4.0
4034,5.0
4035,6.0
4036,7.0
4037,8.0
4038,9.0
4039,10.0
4040,11.0
4041,12.0
4042,13.0
4043,14.0
4044,15.0
4045,16.0
4046,17.0
4047,18.0
4048,19.0
4049,20.0
4050,21.0
4051,22.0
4052,23.0
4053,24.0
4054,25.0
4055,26.0
4056,1.0
4057,2.0
4058,3.0
4059,4.0
4060,5.0
4061,6.0
4062,7.0
4063,8.0
4064,9.0
4065,10.0
4066,11.0
4067,12.0
4068,13.0
4069,14.0
4070,15.0
4071,16.0
4072,17.0
4073,18.0
4074,19.0
4075,20.0
4076,21.0
4077,22.0
4078,23.0
4079,24.0
4080,25.0
4081,26.0
4082,1.0
4083,2.0
4084,3.0
4085,4.0
4086,5.0
4087,6.0
4088,7.0
4089,8.0
4090,9.0
4091,10.0
4092,11.0
4093,12.0
4094,13.0
4095,14.0
4096,15.0
4097,16.0
4098,17.0
4099,18.0
4100,19.0
4101,20.0
4102,21.0
4103,22.0
4104,23.0
4105,24.0
4106,25.0
4107,26.0
4108,1.0
4109,2.0
4110,3.0
4111,4.0
4112,5.0
4113,6.0
4114,7.0
4115,8.0
4116,9.0
4117,10.0
4118,11.0
4119,12.0
4120,13.0
4121,14.0
4122,15.0
4123,16.0
4124,17.0
4125,18.0
4126,19.0
4127,20.0
4128,21.0
4129,22.0
4130,23.0
4131,24.0
4132,25.0
4133,26.0
4134,1.0
4135,2.0
4136,3.0
4137,4.0
4138,5.0
4139,6.0
4140,7.0
4141,8.0
4142,9.0
4143,10.0
4144,11.0
4145,12.0
4146,13.0
4147,14.0
4148,15.0
4149,16.0
4150,17.0
4151,18.0
4152,19.0
4153,20.0
4154,21.0
4155,22.0
4156,23.0
4157,24.0
4158,25.0
4159,26.0
4160,1.0
4161,2.0
4162,3.0
4163,4.0
4164,5.0
4165,6.0
4166,7.0
4167,8.0
4168,9.0
4169,10.0
4170,11.0
4171,12.0
4172,13.0
4173,14.0
4174,15.0
4175,16.0
4176,17.0
4177,18.0
4178,19.0
4179,20.0
4180,21.0
4181,22.0
4182,23.0
4183,24.0
4184,25.0
4185,26.0
4186,1.0
4187,2.0
4188,3.0
4189,4.0
4190,5.0
4191,6.0
4192,7.0
4193,8.0
4194,9.0
4195,10.0
4196,11.0
4197,12.0
4198,13.0
4199,14.0
4200,15.0
4201,16.0
4202,17.0
4203,18.0
4204,19.0
4205,20.0
4206,21.0
4207,22.0
4208,23.0
4209,24.0
4210,25.0
4211,26.0
4212,1.0
4213,2.0
4214,3.0
4215,4.0
4216,5.0
4217,6.0
4218,7.0
4219,8.0
4220,9.0
4221,10.0
4222,11.0
4223,12.0
4224,13.0
4225,14.0
4226,15.0
4227,16.0
4228,17.0
4229,18.0
4230,19.0
4231,20.0
4232,21.0
4233,22.0
4234,23.0
4235,24.0
4236,25.0
4237,26.0
4238,1.0
4239,2.0
4240,3.0
4241,4.0
4242,5.0
4243,6.0
4244,7.0
4245,8.0
4246,9.0
4247,10.0
4248,11.0
4249,12.0
4250,13.0
4251,14.0
4252,15.0
4253,16.0
4254,17.0
4255,18.0
4256,19.0
4257,20.0
4258,21.0
4259,22.0
4260,23.0
4261,24.0
4262,25.0
4263,26.0
4264,1.0
4265,2.0
4266,3.0
4267,4.0
4268,5.0
4269,6.0
4270,7.0
4271,8.0
4272,9.0
4273,10.0
4274,11.0
4275,12.0
4276,13.0
4277,14.0
4278,15.0
4279,16.0
4280,17.0
4281,18.0
4282,19.0
4283,20.0
4284,21.0
4285,22.0
4286,23.0
4287,24.0
4288,25.0
4289,26.0
4290,1.0
4291,2.0
4292,3.0
4293,4.0
4294,5.0
4295,6.0
4296,7.0
4297,8.0
4298,9.0
4299,10.0
4300,11.0
4301,12.0
4302,13.0
4303,14.0
4304,15.0
4305,16.0
4306,17.0
4307,18.0
4308,19.0
4309,20.0
4310,21.0
4311,22.0
4312,23.0
4313,24.0
4314,25.0
4315,26.0
4316,1.0
4317,2.0
4318,3.0
4319,4.0
4320,5.0
4321,6.0
4322,7.0
4323,8.0
4324,9.0
4325,10.0
4326,11.0
4327,12.0
4328,13.0
4329,14.0
4330,15.0
4331,16.0
4332,17.0
4333,18.0
4334,19.0
4335,20.0
4336,21.0
4337,22.0
4338,23.0
4339,24.0
4340,25.0
4341,26.0
4342,1.0
4343,2.0
4344,3.0
4345,4.0
4346,5.0
4347,6.0
4348,7.0
4349,8.0
4350,9.0
4351,10.0
4352,11.0
4353,12.0
4354,13.0
4355,14.0
4356,15.0
4357,16.0
4358,17.0
4359,18.0
4360,19.0
4361,20.0
4362,21.0
4363,22.0
4364,23.0
4365,24.0
4366,25.0
4367,26.0
4368,1.0
4369,2.0
4370,3.0
4371,4.0
4372,5.0
4373,6.0
4374,7.0
4375,8.0
4376,9.0
4377,10.0
4378,11.0
4379,12.0
4380,13.0
4381,14.0
4382,15.0
4383,16.0
4384,17.0
4385,18.0
4386,19.0
4387,20.0
4388,21.0
4389,22.0
4390,23.0
4391,24.0
4392,25.0
4393,26.0
4394,1.0
4395,2.0
4396,3.0
4397,4.0
4398,5.0
4399,6.0
4400,7.0
4401,8.0
4402,9.0
4403,10.0
4404,11.0
4405,12.0
4406,13.0
4407,14.0
4408,15.0
4409,16.0
4410,17.0
4411,18.0
4412,19.0
4413,20.0
4414,21.0
4415,22.0
4416,23.0
4417,24.0
4418,25.0
4419,26.0
4420,1.0
4421,2.0
4422,3.0
4423,4.0
4424,5.0
4425,6.0
4426,7.0
4427,8.0
4428,9.0
4429,10.0
4430,11.0
4431,12.0
4432,13.0
4433,14.0
4434,15.0
4435,16.0
4436,17.0
4437,18.0
4438,19.0
4439,20.0
4440,21.0
4441,22.0
4442,23.0
4443,24.0
4444,25.0
4445,26.0
4446,1.0
4447,2.0
4448,3.0
4449,4.0
4450,5.0
4451,6.0
4452,7.0
4453,8.0
4454,9.0
4455,10.0
4456,11.0
4457,12.0
4458,13.0
4459,14.0
4460,15.0
4461,16.0
4462,17.0
4463,18.0
4464,19.0
4465,20.0
4466,21.0
4467,22.0
4468,23.0
4469,24.0
4470,25.0
4471,26.0
4472,1.0
4473,2.0
4474,3.0
4475,4.0
4476,5.0
4477,6.0
4478,7.0
4479,8.0
4480,9.0
4481,10.0
4482,11.0
4483,12.0
4484,13.0
4485,14.0
4486,15.0
4487,16.0
4488,17.0
4489,18.0
4490,19.0
4491,20.0
4492,21.0
4493,22.0
4494,23.0
4495,24.0
4496,25.0
4497,26.0
4498,1.0
4499,2.0
4500,3.0
4501,4.0
4502,5.0
4503,6.0
4504,7.0
4505,8.0
4506,9.0
4507,10.0
4508,11.0
4509,12.0
4510,13.0
4511,14.0
4512,15.0
4513,16.0
4514,17.0
4515,18.0
4516,19.0
4517,20.0
4518,21.0
4519,22.0
4520,23.0
4521,24.0
4522,25.0
4523,26.0
4524,1.0
4525,2.0
4526,3.0
4527,4.0
4528,5.0
4529,6.0
4530,7.0
4531,8.0
4532,9.0
4533,10.0
4534,11.0
4535,12.0
4536,13.0
4537,14.0
4538,15.0
4539,16.0
4540,17.0
4541,18.0
4542,19.0
4543,20.0
4544,21.0
4545,22.0
4546,23.0
4547,24.0
4548,25.0
4549,26.0
4550,1.0
4551,2.0
4552,3.0
4553,4.0
4554,5.0
4555,6.0
4556,7.0
4557,8.0
4558,9.0
4559,10.0
4560,11.0
4561,12.0
4562,13.0
4563,14.0
4564,15.0
4565,16.0
4566,17.0
4567,18.0
4568,19.0
4569,20.0
4570,21.0
4571,22.0
4572,23.0
4573,24.0
4574,25.0
4575,26.0
4576,1.0
4577,2.0
4578,3.0
4579,4.0
4580,5.0
4581,6.0
4582,7.0
4583,8.0
4584,9.0
4585,10.0
4586,11.0
4587,12.0
4588,13.0
4589,14.0
4590,15.0
4591,16.0
4592,17.0
4593,18.0
4594,19.0
4595,20.0
4596,21.0
4597,22.0
4598,23.0
4599,24.0
4600,25.0
4601,26.0
4602,1.0
4603,2.0
4604,3.0
4605,4.0
4606,5.0
4607,6.0
4608,7.0
4609,8.0
4610,9.0
4611,10.0
4612,11.0
4613,12.0
4614,13.0
4615,14.0
4616,15.0
4617,16.0
4618,17.0
4619,18.0
4620,19.0
4621,20.0
4622,21.0
4623,22.0
4624,23.0
4625,24.0
4626,25.0
4627,26.0
4628,1.0
4629,2.0
4630,3.0
4631,4.0
4632,5.0
4633,6.0
4634,7.0
4635,8.0
4636,9.0
4637,10.0
4638,11.0
4639,12.0
4640,13.0
4641,14.0
4642,15.0
4643,16.0
4644,17.0
4645,18.0
4646,19.0
4647,20.0
4648,21.0
4649,22.0
4650,23.0
4651,24.0
4652,25.0
4653,26.0
4654,1.0
4655,2.0
4656,3.0
4657,4.0
4658,5.0
4659,6.0
4660,7.0
4661,8.0
4662,9.0
4663,10.0
4664,11.0
4665,12.0
4666,13.0
4667,14.0
4668,15.0
4669,16.0
4670,17.0
4671,18.0
4672,19.0
4673,20.0
4674,21.0
4675,22.0
4676,23.0
4677,24.0
4678,25.0
4679,26.0
4680,1.0
4681,2.0
4682,3.0
4683,4.0
4684,5.0
4685,6.0
4686,7.0
4687,8.0
4688,9.0
4689,10.0
4690,11.0
4691,12.0
4692,13.0
4693,14.0
4694,15.0
4695,16.0
4696,17.0
4697,18.0
4698,19.0
4699,20.0
4700,21.0
4701,22.0
4702,23.0
4703,24.0
4704,25.0
4705,26.0
4706,1.0
4707,2.0
4708,3.0
4709,4.0
4710,5.0
4711,6.0
4712,7.0
4713,8.0
4714,9.0
4715,10.0
4716,11.0
4717,12.0
4718,13.0
4719,14.0
4720,15.0
4721,16.0
4722,17.0
4723,18.0
4724,19.0
4725,20.0
4726,21.0
4727,22.0
4728,23.0
4729,24.0
4730,25.0
4731,26.0
4732,1.0
4733,2.0
4734,3.0
4735,4.0
4736,5.0
4737,6.0
4738,7.0
4739,8.0
4740,9.0
4741,10.0
4742,11.0
4743,12.0
4744,13.0
4745,14.0
4746,15.0
4747,16.0
4748,17.0
4749,18.0
4750,19.0
4751,20.0
4752,21.0
4753,22.0
4754,23.0
4755,24.0
4756,25.0
4757,26.0
4758,1.0
4759,2.0
4760,3.0
4761,4.0
4762,5.0
4763,6.0
4764,7.0
4765,8.0
4766,9.0
4767,10.0
4768,11.0
4769,12.0
4770,13.0
4771,14.0
4772,15.0
4773,16.0
4774,17.0
4775,18.0
4776,19.0
4777,20.0
4778,21.0
4779,22.0
4780,23.0
4781,24.0
4782,25.0
4783,26.0
4784,1.0
4785,2.0
4786,3.0
4787,4.0
4788,5.0
4789,6.0
4790,7.0
4791,8.0
4792,9.0
4793,10.0
4794,11.0
4795,12.0
4796,13.0
4797,14.0
4798,15.0
4799,16.0
4800,17.0
4801,18.0
4802,19.0
4803,20.0
4804,21.0
4805,22.0
4806,23.0
4807,24.0
4808,25.0
4809,26.0
4810,1.0
4811,2.0
4812,3.0
4813,4.0
4814,5.0
4815,6.0
4816,7.0
4817,8.0
4818,9.0
4819,10.0
4820,11.0
4821,12.0
4822,13.0
4823,14.0
4824,15.0
4825,16.0
4826,17.0
4827,18.0
4828,19.0
4829,20.0
4830,21.0
4831,22.0
4832,23.0
4833,24.0
4834,25.0
4835,26.0
4836,1.0
4837,2.0
4838,3.0
4839,4.0
4840,5.0
4841,6.0
4842,7.0
4843,8.0
4844,9.0
4845,10.0
4846,11.0
4847,12.0
4848,13.0
4849,14.0
4850,15.0
4851,16.0
4852,17.0
4853,18.0
4854,19.0
4855,20.0
4856,21.0
4857,22.0
4858,23.0
4859,24.0
4860,25.0
4861,26.0
4862,1.0
4863,2.0
4864,3.0
4865,4.0
4866,5.0
4867,6.0
4868,7.0
4869,8.0
4870,9.0
4871,10.0
4872,11.0
4873,12.0
4874,13.0
4875,14.0
4876,15.0
4877,16.0
4878,17.0
4879,18.0
4880,19.0
4881,20.0
4882,21.0
4883,22.0
4884,23.0
4885,24.0
4886,25.0
4887,26.0
4888,1.0
4889,2.0
4890,3.0
4891,4.0
4892,5.0
4893,6.0
4894,7.0
4895,8.0
4896,9.0
4897,10.0
4898,11.0
4899,12.0
4900,13.0
4901,14.0
4902,15.0
4903,16.0
4904,17.0
4905,18.0
4906,19.0
4907,20.0
4908,21.0
4909,22.0
4910,23.0
4911,24.0
4912,25.0
4913,26.0
4914,1.0
4915,2.0
4916,3.0
4917,4.0
4918,5.0
4919,6.0
4920,7.0
4921,8.0
4922,9.0
4923,10.0
4924,11.0
4925,12.0
4926,13.0
4927,14.0
4928,15.0
4929,16.0
4930,17.0
4931,18.0
4932,19.0
4933,20.0
4934,21.0
4935,22.0
4936,23.0
4937,24.0
4938,25.0
4939,26.0
4940,1.0
4941,2.0
4942,3.0
4943,4.0
4944,5.0
4945,6.0
4946,7.0
4947,8.0
4948,9.0
4949,10.0
4950,11.0
4951,12.0
4952,13.0
4953,14.0
4954,15.0
4955,16.0
4956,17.0
4957,18.0
4958,19.0
4959,20.0
4960,21.0
4961,22.0
4962,23.0
4963,24.0
4964,25.0
4965,26.0
4966,1.0
4967,2.0
4968,3.0
4969,4.0
4970,5.0
4971,6.0
4972,7.0
4973,8.0
4974,9.0
4975,10.0
4976,11.0
4977,12.0
4978,13.0
4979,14.0
4980,15.0
4981,16.0
4982,17.0
4983,18.0
4984,19.0
4985,20.0
4986,21.0
4987,22.0
4988,23.0
4989,24.0
4990,25.0
4991,26.0
4992,1.0
4993,2.0
4994,3.0
4995,4.0
4996,5.0
4997,6.0
4998,7.0
4999,8.0
5000,9.0
5001,10.0
5002,11.0
5003,12.0
5004,13.0
5005,14.0
5006,15.0
5007,16.0
5008,17.0
5009,18.0
5010,19.0
5011,20.0
5012,21.0
5013,22.0
5014,23.0
5015,24.0
5016,25.0
5017,26.0
5018,1.0
5019,2.0
5020,3.0
5021,4.0
5022,5.0
5023,6.0
5024,7.0
5025,8.0
5026,9.0
5027,10.0
5028,11.0
5029,12.0
5030,13.0
5031,14.0
5032,15.0
5033,16.0
5034,17.0
5035,18.0
5036,19.0
5037,20.0
5038,21.0
5039,22.0
5040,23.0
5041,24.0
5042,25.0
5043,26.0
5044,1.0
5045,2.0
5046,3.0
5047,4.0
5048,5.0
5049,6.0
5050,7.0
5051,8.0
5052,9.0
5053,10.0
5054,11.0
5055,12.0
5056,13.0
5057,14.0
5058,15.0
5059,16.0
5060,17.0
5061,18.0
5062,19.0
5063,20.0
5064,21.0
5065,22.0
5066,23.0
5067,24.0
5068,25.0
5069,26.0
5070,1.0
5071,2.0
5072,3.0
5073,4.0
5074,5.0
5075,6.0
5076,7.0
5077,8.0
5078,9.0
5079,10.0
5080,11.0
5081,12.0
5082,13.0
5083,14.0
5084,15.0
5085,16.0
5086,17.0
5087,18.0
5088,19.0
5089,20.0
5090,21.0
5091,22.0
5092,23.0
5093,24.0
5094,25.0
5095,26.0
5096,1.0
5097,2.0
5098,3.0
5099,4.0
5100,5.0
5101,6.0
5102,7.0
5103,8.0
5104,9.0
5105,10.0
5106,11.0
5107,12.0
5108,13.0
5109,14.0
5110,15.0
5111,16.0
5112,17.0
5113,18.0
5114,19.0
5115,20.0
5116,21.0
5117,22.0
5118,23.0
5119,24.0
5120,25.0
5121,26.0
5122,1.0
5123,2.0
5124,3.0
5125,4.0
5126,5.0
5127,6.0
5128,7.0
5129,8.0
5130,9.0
5131,10.0
5132,11.0
5133,12.0
5134,13.0
5135,14.0
5136,15.0
5137,16.0
5138,17.0
5139,18.0
5140,19.0
5141,20.0
5142,21.0
5143,22.0
5144,23.0
5145,24.0
5146,25.0
5147,26.0
5148,1.0
5149,2.0
5150,3.0
5151,4.0
5152,5.0
5153,6.0
5154,7.0
5155,8.0
5156,9.0
5157,10.0
5158,11.0
5159,12.0
5160,13.0
5161,14.0
5162,15.0
5163,16.0
5164,17.0
5165,18.0
5166,19.0
5167,20.0
5168,21.0
5169,22.0
5170,23.0
5171,24.0
5172,25.0
5173,26.0
5174,1.0
5175,2.0
5176,3.0
5177,4.0
5178,5.0
5179,6.0
5180,7.0
5181,8.0
5182,9.0
5183,10.0
5184,11.0
5185,12.0
5186,13.0
5187,14.0
5188,15.0
5189,16.0
5190,17.0
5191,18.0
5192,19.0
5193,20.0
5194,21.0
5195,22.0
5196,23.0
5197,24.0
5198,25.0
5199,26.0
5200,1.0
5201,2.0
5202,3.0
5203,4.0
5204,5.0
5205,6.0
5206,7.0
5207,8.0
5208,9.0
5209,10.0
5210,11.0
5211,12.0
5212,13.0
5213,14.0
5214,15.0
5215,16.0
5216,17.0
5217,18.0
5218,19.0
5219,20.0
5220,21.0
5221,22.0
5222,23.0
5223,24.0
5224,25.0
5225,26.0
5226,1.0
5227,2.0
5228,3.0
5229,4.0
5230,5.0
5231,6.0
5232,7.0
5233,8.0
5234,9.0
5235,10.0
5236,11.0
5237,12.0
5238,13.0
5239,14.0
5240,15.0
5241,16.0
5242,17.0
5243,18.0
5244,19.0
5245,20.0
5246,21.0
5247,22.0
5248,23.0
5249,24.0
5250,25.0
5251,26.0
5252,1.0
5253,2.0
5254,3.0
5255,4.0
5256,5.0
5257,6.0
5258,7.0
5259,8.0
5260,9.0
5261,10.0
5262,11.0
5263,12.0
5264,13.0
5265,14.0
5266,15.0
5267,16.0
5268,17.0
5269,18.0
5270,19.0
5271,20.0
5272,21.0
5273,22.0
5274,23.0
5275,24.0
5276,25.0
5277,26.0
5278,1.0
5279,2.0
5280,3.0
5281,4.0
5282,5.0
5283,6.0
5284,7.0
5285,8.0
5286,9.0
5287,10.0
5288,11.0
5289,12.0
5290,13.0
5291,14.0
5292,15.0
5293,16.0
5294,17.0
5295,18.0
5296,19.0
5297,20.0
5298,21.0
5299,22.0
5300,23.0
5301,24.0
5302,25.0
5303,26.0
5304,1.0
5305,2.0
5306,3.0
5307,4.0
5308,5.0
5309,7.0
5310,8.0
5311,9.0
5312,10.0
5313,11.0
5314,12.0
5315,13.0
5316,14.0
5317,15.0
5318,16.0
5319,17.0
5320,18.0
5321,19.0
5322,20.0
5323,21.0
5324,22.0
5325,23.0
5326,24.0
5327,25.0
5328,26.0
5329,1.0
5330,2.0
5331,3.0
5332,4.0
5333,5.0
5334,6.0
5335,7.0
5336,8.0
5337,9.0
5338,10.0
5339,11.0
5340,12.0
5341,13.0
5342,14.0
5343,15.0
5344,16.0
5345,17.0
5346,18.0
5347,19.0
5348,20.0
5349,21.0
5350,22.0
5351,23.0
5352,24.0
5353,25.0
5354,26.0
5355,1.0
5356,2.0
5357,3.0
5358,4.0
5359,5.0
5360,6.0
5361,7.0
5362,8.0
5363,9.0
5364,10.0
5365,11.0
5366,12.0
5367,13.0
5368,14.0
5369,15.0
5370,16.0
5371,17.0
5372,18.0
5373,19.0
5374,20.0
5375,21.0
5376,22.0
5377,23.0
5378,24.0
5379,25.0
5380,26.0
5381,1.0
5382,2.0
5383,3.0
5384,4.0
5385,5.0
5386,6.0
5387,7.0
5388,8.0
5389,9.0
5390,10.0
5391,11.0
5392,12.0
5393,13.0
5394,14.0
5395,15.0
5396,16.0
5397,17.0
5398,18.0
5399,19.0
5400,20.0
5401,21.0
5402,22.0
5403,23.0
5404,24.0
5405,25.0
5406,26.0
5407,1.0
5408,2.0
5409,3.0
5410,4.0
5411,5.0
5412,6.0
5413,7.0
5414,8.0
5415,9.0
5416,10.0
5417,11.0
5418,12.0
5419,13.0
5420,14.0
5421,15.0
5422,16.0
5423,17.0
5424,18.0
5425,19.0
5426,20.0
5427,21.0
5428,22.0
5429,23.0
5430,24.0
5431,25.0
5432,26.0
5433,1.0
5434,2.0
5435,3.0
5436,4.0
5437,5.0
5438,6.0
5439,7.0
5440,8.0
5441,9.0
5442,10.0
5443,11.0
5444,12.0
5445,13.0
5446,14.0
5447,15.0
5448,16.0
5449,17.0
5450,18.0
5451,19.0
5452,20.0
5453,21.0
5454,22.0
5455,23.0
5456,24.0
5457,25.0
5458,26.0
5459,1.0
5460,2.0
5461,3.0
5462,4.0
5463,5.0
5464,6.0
5465,7.0
5466,8.0
5467,9.0
5468,10.0
5469,11.0
5470,12.0
5471,13.0
5472,14.0
5473,15.0
5474,16.0
5475,17.0
5476,18.0
5477,19.0
5478,20.0
5479,21.0
5480,22.0
5481,23.0
5482,24.0
5483,25.0
5484,26.0
5485,1.0
5486,2.0
5487,3.0
5488,4.0
5489,5.0
5490,6.0
5491,7.0
5492,8.0
5493,9.0
5494,10.0
5495,11.0
5496,12.0
5497,13.0
5498,14.0
5499,15.0
5500,16.0
5501,17.0
5502,18.0
5503,19.0
5504,20.0
5505,21.0
5506,22.0
5507,23.0
5508,24.0
5509,25.0
5510,26.0
5511,1.0
5512,2.0
5513,3.0
5514,4.0
5515,5.0
5516,6.0
5517,7.0
5518,8.0
5519,9.0
5520,10.0
5521,11.0
5522,12.0
5523,13.0
5524,14.0
5525,15.0
5526,16.0
5527,17.0
5528,18.0
5529,19.0
5530,20.0
5531,21.0
5532,22.0
5533,23.0
5534,24.0
5535,25.0
5536,26.0
5537,1.0
5538,2.0
5539,3.0
5540,4.0
5541,5.0
5542,6.0
5543,7.0
5544,8.0
5545,9.0
5546,10.0
5547,11.0
5548,12.0
5549,13.0
5550,14.0
5551,15.0
5552,16.0
5553,17.0
5554,18.0
5555,19.0
5556,20.0
5557,21.0
5558,22.0
5559,23.0
5560,24.0
5561,25.0
5562,26.0
5563,1.0
5564,2.0
5565,3.0
5566,4.0
5567,5.0
5568,6.0
5569,7.0
5570,8.0
5571,9.0
5572,10.0
5573,11.0
5574,12.0
5575,13.0
5576,14.0
5577,15.0
5578,16.0
5579,17.0
5580,18.0
5581,19.0
5582,20.0
5583,21.0
5584,22.0
5585,23.0
5586,24.0
5587,25.0
5588,26.0
5589,1.0
5590,2.0
5591,3.0
5592,4.0
5593,5.0
5594,6.0
5595,7.0
5596,8.0
5597,9.0
5598,10.0
5599,11.0
5600,12.0
5601,13.0
5602,14.0
5603,15.0
5604,16.0
5605,17.0
5606,18.0
5607,19.0
5608,20.0
5609,21.0
5610,22.0
5611,23.0
5612,24.0
5613,25.0
5614,26.0
5615,1.0
5616,2.0
5617,3.0
5618,4.0
5619,5.0
5620,6.0
5621,7.0
5622,8.0
5623,9.0
5624,10.0
5625,11.0
5626,12.0
5627,13.0
5628,14.0
5629,15.0
5630,16.0
5631,17.0
5632,18.0
5633,19.0
5634,20.0
5635,21.0
5636,22.0
5637,23.0
5638,24.0
5639,25.0
5640,26.0
5641,1.0
5642,2.0
5643,3.0
5644,4.0
5645,5.0
5646,6.0
5647,7.0
5648,8.0
5649,9.0
5650,10.0
5651,11.0
5652,12.0
5653,13.0
5654,14.0
5655,15.0
5656,16.0
5657,17.0
5658,18.0
5659,19.0
5660,20.0
5661,21.0
5662,22.0
5663,23.0
5664,24.0
5665,25.0
5666,26.0
5667,1.0
5668,2.0
5669,3.0
5670,4.0
5671,5.0
5672,6.0
5673,7.0
5674,8.0
5675,9.0
5676,10.0
5677,11.0
5678,12.0
5679,13.0
5680,14.0
5681,15.0
5682,16.0
5683,17.0
5684,18.0
5685,19.0
5686,20.0
5687,21.0
5688,22.0
5689,23.0
5690,24.0
5691,25.0
5692,26.0
5693,1.0
5694,2.0
5695,3.0
5696,4.0
5697,5.0
5698,6.0
5699,7.0
5700,8.0
5701,9.0
5702,10.0
5703,11.0
5704,12.0
5705,13.0
5706,14.0
5707,15.0
5708,16.0
5709,17.0
5710,18.0
5711,19.0
5712,20.0
5713,21.0
5714,22.0
5715,23.0
5716,24.0
5717,25.0
5718,26.0
5719,1.0
5720,2.0
5721,3.0
5722,4.0
5723,5.0
5724,6.0
5725,7.0
5726,8.0
5727,9.0
5728,10.0
5729,11.0
5730,12.0
5731,13.0
5732,14.0
5733,15.0
5734,16.0
5735,17.0
5736,18.0
5737,19.0
5738,20.0
5739,21.0
5740,22.0
5741,23.0
5742,24.0
5743,25.0
5744,26.0
5745,1.0
5746,2.0
5747,3.0
5748,4.0
5749,5.0
5750,6.0
5751,7.0
5752,8.0
5753,9.0
5754,10.0
5755,11.0
5756,12.0
5757,13.0
5758,14.0
5759,15.0
5760,16.0
5761,17.0
5762,18.0
5763,19.0
5764,20.0
5765,21.0
5766,22.0
5767,23.0
5768,24.0
5769,25.0
5770,26.0
5771,1.0
5772,2.0
5773,3.0
5774,4.0
5775,5.0
5776,6.0
5777,7.0
5778,8.0
5779,9.0
5780,10.0
5781,11.0
5782,12.0
5783,13.0
5784,14.0
5785,15.0
5786,16.0
5787,17.0
5788,18.0
5789,19.0
5790,20.0
5791,21.0
5792,22.0
5793,23.0
5794,24.0
5795,25.0
5796,26.0
5797,1.0
5798,2.0
5799,3.0
5800,4.0
5801,5.0
5802,6.0
5803,7.0
5804,8.0
5805,9.0
5806,10.0
5807,11.0
5808,12.0
5809,13.0
5810,14.0
5811,15.0
5812,16.0
5813,17.0
5814,18.0
5815,19.0
5816,20.0
5817,21.0
5818,22.0
5819,23.0
5820,24.0
5821,25.0
5822,26.0
5823,1.0
5824,2.0
5825,3.0
5826,4.0
5827,5.0
5828,6.0
5829,7.0
5830,8.0
5831,9.0
5832,10.0
5833,11.0
5834,12.0
5835,13.0
5836,14.0
5837,15.0
5838,16.0
5839,17.0
5840,18.0
5841,19.0
5842,20.0
5843,21.0
5844,22.0
5845,23.0
5846,24.0
5847,25.0
5848,26.0
5849,1.0
5850,2.0
5851,3.0
5852,4.0
5853,5.0
5854,6.0
5855,7.0
5856,8.0
5857,9.0
5858,10.0
5859,11.0
5860,12.0
5861,13.0
5862,14.0
5863,15.0
5864,16.0
5865,17.0
5866,18.0
5867,19.0
5868,20.0
5869,21.0
5870,22.0
5871,23.0
5872,24.0
5873,25.0
5874,26.0
5875,1.0
5876,2.0
5877,3.0
5878,4.0
5879,5.0
5880,6.0
5881,7.0
5882,8.0
5883,9.0
5884,10.0
5885,11.0
5886,12.0
5887,13.0
5888,14.0
5889,15.0
5890,16.0
5891,17.0
5892,18.0
5893,19.0
5894,20.0
5895,21.0
5896,22.0
5897,23.0
5898,24.0
5899,25.0
5900,26.0
5901,1.0
5902,2.0
5903,3.0
5904,4.0
5905,5.0
5906,6.0
5907,7.0
5908,8.0
5909,9.0
5910,10.0
5911,11.0
5912,12.0
5913,13.0
5914,14.0
5915,15.0
5916,16.0
5917,17.0
5918,18.0
5919,19.0
5920,20.0
5921,21.0
5922,22.0
5923,23.0
5924,24.0
5925,25.0
5926,26.0
5927,1.0
5928,2.0
5929,3.0
5930,4.0
5931,5.0
5932,7.0
5933,8.0
5934,9.0
5935,10.0
5936,11.0
5937,12.0
5938,13.0
5939,14.0
5940,15.0
5941,16.0
5942,17.0
5943,18.0
5944,19.0
5945,20.0
5946,21.0
5947,22.0
5948,23.0
5949,24.0
5950,25.0
5951,26.0
5952,1.0
5953,2.0
5954,3.0
5955,4.0
5956,5.0
5957,6.0
5958,7.0
5959,8.0
5960,9.0
5961,10.0
5962,11.0
5963,12.0
5964,13.0
5965,14.0
5966,15.0
5967,16.0
5968,17.0
5969,18.0
5970,19.0
5971,20.0
5972,21.0
5973,22.0
5974,23.0
5975,24.0
5976,25.0
5977,26.0
5978,1.0
5979,2.0
5980,3.0
5981,4.0
5982,5.0
5983,6.0
5984,7.0
5985,8.0
5986,9.0
5987,10.0
5988,11.0
5989,12.0
5990,13.0
5991,14.0
5992,15.0
5993,16.0
5994,17.0
5995,18.0
5996,19.0
5997,20.0
5998,21.0
5999,22.0
6000,23.0
6001,24.0
6002,25.0
6003,26.0
6004,1.0
6005,2.0
6006,3.0
6007,4.0
6008,5.0
6009,6.0
6010,7.0
6011,8.0
6012,9.0
6013,10.0
6014,11.0
6015,12.0
6016,13.0
6017,14.0
6018,15.0
6019,16.0
6020,17.0
6021,18.0
6022,19.0
6023,20.0
6024,21.0
6025,22.0
6026,23.0
6027,24.0
6028,25.0
6029,26.0
6030,1.0
6031,2.0
6032,3.0
6033,4.0
6034,5.0
6035,6.0
6036,7.0
6037,8.0
6038,9.0
6039,10.0
6040,11.0
6041,12.0
6042,13.0
6043,14.0
6044,15.0
6045,16.0
6046,17.0
6047,18.0
6048,19.0
6049,20.0
6050,21.0
6051,22.0
6052,23.0
6053,24.0
6054,25.0
6055,26.0
6056,1.0
6057,2.0
6058,3.0
6059,4.0
6060,5.0
6061,6.0
6062,7.0
6063,8.0
6064,9.0
6065,10.0
6066,11.0
6067,12.0
6068,13.0
6069,14.0
6070,15.0
6071,16.0
6072,17.0
6073,18.0
6074,19.0
6075,20.0
6076,21.0
6077,22.0
6078,23.0
6079,24.0
6080,25.0
6081,26.0
6082,1.0
6083,2.0
6084,3.0
6085,4.0
6086,5.0
6087,6.0
6088,7.0
6089,8.0
6090,9.0
6091,10.0
6092,11.0
6093,12.0
6094,13.0
6095,14.0
6096,15.0
6097,16.0
6098,17.0
6099,18.0
6100,19.0
6101,20.0
6102,21.0
6103,22.0
6104,23.0
6105,24.0
6106,25.0
6107,26.0
6108,1.0
6109,2.0
6110,3.0
6111,4.0
6112,5.0
6113,6.0
6114,7.0
6115,8.0
6116,9.0
6117,10.0
6118,11.0
6119,12.0
6120,13.0
6121,14.0
6122,15.0
6123,16.0
6124,17.0
6125,18.0
6126,19.0
6127,20.0
6128,21.0
6129,22.0
6130,23.0
6131,24.0
6132,25.0
6133,26.0
6134,1.0
6135,2.0
6136,3.0
6137,4.0
6138,5.0
6139,6.0
6140,7.0
6141,8.0
6142,9.0
6143,10.0
6144,11.0
6145,12.0
6146,13.0
6147,14.0
6148,15.0
6149,16.0
6150,17.0
6151,18.0
6152,19.0
6153,20.0
6154,21.0
6155,22.0
6156,23.0
6157,24.0
6158,25.0
6159,26.0
6160,1.0
6161,2.0
6162,3.0
6163,4.0
6164,5.0
6165,6.0
6166,7.0
6167,8.0
6168,9.0
6169,10.0
6170,11.0
6171,12.0
6172,13.0
6173,14.0
6174,15.0
6175,16.0
6176,17.0
6177,18.0
6178,19.0
6179,20.0
6180,21.0
6181,22.0
6182,23.0
6183,24.0
6184,25.0
6185,26.0
6186,1.0
6187,2.0
6188,3.0
6189,4.0
6190,5.0
6191,6.0
6192,7.0
6193,8.0
6194,9.0
6195,10.0
6196,11.0
6197,12.0
6198,13.0
6199,14.0
6200,15.0
6201,16.0
6202,17.0
6203,18.0
6204,19.0
6205,20.0
6206,21.0
6207,22.0
6208,23.0
6209,24.0
6210,25.0
6211,26.0
6212,1.0
6213,2.0
6214,3.0
6215,4.0
6216,5.0
6217,6.0
6218,7.0
6219,8.0
6220,9.0
6221,10.0
6222,11.0
6223,12.0
6224,13.0
6225,14.0
6226,15.0
6227,16.0
6228,17.0
6229,18.0
6230,19.0
6231,20.0
6232,21.0
6233,22.0
6234,23.0
6235,24.0
6236,25.0
6237,26.0
6238,1.0
6239,1.0
6240,2.0
6241,2.0
6242,3.0
6243,3.0
6244,4.0
6245,4.0
6246,5.0
6247,5.0
6248,6.0
6249,6.0
6250,7.0
6251,7.0
6252,8.0
6253,8.0
6254,9.0
6255,9.0
6256,10.0
6257,10.0
6258,11.0
6259,11.0
6260,12.0
6261,12.0
6262,13.0
6263,13.0
6264,14.0
6265,14.0
6266,15.0
6267,15.0
6268,16.0
6269,16.0
6270,17.0
6271,17.0
6272,18.0
6273,18.0
6274,19.0
6275,19.0
6276,20.0
6277,20.0
6278,21.0
6279,21.0
6280,22.0
6281,22.0
6282,23.0
6283,23.0
6284,24.0
6285,24.0
6286,25.0
6287,25.0
6288,26.0
6289,26.0
6290,1.0
6291,1.0
6292,2.0
6293,2.0
6294,3.0
6295,3.0
6296,4.0
6297,4.0
6298,5.0
6299,5.0
6300,6.0
6301,6.0
6302,7.0
6303,7.0
6304,8.0
6305,8.0
6306,9.0
6307,9.0
6308,10.0
6309,10.0
6310,11.0
6311,11.0
6312,12.0
6313,12.0
6314,13.0
6315,13.0
6316,14.0
6317,14.0
6318,15.0
6319,15.0
6320,16.0
6321,16.0
6322,17.0
6323,17.0
6324,18.0
6325,18.0
6326,19.0
6327,19.0
6328,20.0
6329,20.0
6330,21.0
6331,21.0
6332,22.0
6333,22.0
6334,23.0
6335,23.0
6336,24.0
6337,24.0
6338,25.0
6339,25.0
6340,26.0
6341,26.0
6342,1.0
6343,1.0
6344,2.0
6345,2.0
6346,3.0
6347,3.0
6348,4.0
6349,4.0
6350,5.0
6351,5.0
6352,6.0
6353,6.0
6354,7.0
6355,7.0
6356,8.0
6357,8.0
6358,9.0
6359,9.0
6360,10.0
6361,10.0
6362,11.0
6363,11.0
6364,12.0
6365,12.0
6366,13.0
6367,13.0
6368,14.0
6369,14.0
6370,15.0
6371,15.0
6372,16.0
6373,16.0
6374,17.0
6375,17.0
6376,18.0
6377,18.0
6378,19.0
6379,19.0
6380,20.0
6381,20.0
6382,21.0
6383,21.0
6384,22.0
6385,22.0
6386,23.0
6387,23.0
6388,24.0
6389,24.0
6390,25.0
6391,25.0
6392,26.0
6393,26.0
6394,1.0
6395,1.0
6396,2.0
6397,2.0
6398,3.0
6399,3.0
6400,4.0
6401,4.0
6402,5.0
6403,5.0
6404,6.0
6405,6.0
6406,7.0
6407,7.0
6408,8.0
6409,8.0
6410,9.0
6411,9.0
6412,10.0
6413,10.0
6414,11.0
6415,11.0
6416,12.0
6417,12.0
6418,13.0
6419,14.0
6420,14.0
6421,15.0
6422,15.0
6423,16.0
6424,16.0
6425,17.0
6426,17.0
6427,18.0
6428,18.0
6429,19.0
6430,19.0
6431,20.0
6432,20.0
6433,21.0
6434,21.0
6435,22.0
6436,22.0
6437,23.0
6438,23.0
6439,24.0
6440,24.0
6441,25.0
6442,25.0
6443,26.0
6444,26.0
6445,1.0
6446,1.0
6447,2.0
6448,2.0
6449,3.0
6450,3.0
6451,4.0
6452,4.0
6453,5.0
6454,5.0
6455,6.0
6456,6.0
6457,7.0
6458,7.0
6459,8.0
6460,8.0
6461,9.0
6462,9.0
6463,10.0
6464,10.0
6465,11.0
6466,11.0
6467,12.0
6468,12.0
6469,13.0
6470,13.0
6471,14.0
6472,14.0
6473,15.0
6474,15.0
6475,16.0
6476,16.0
6477,17.0
6478,17.0
6479,18.0
6480,18.0
6481,19.0
6482,19.0
6483,20.0
6484,20.0
6485,21.0
6486,21.0
6487,22.0
6488,22.0
6489,23.0
6490,23.0
6491,24.0
6492,24.0
6493,25.0
6494,25.0
6495,26.0
6496,26.0
6497,1.0
6498,1.0
6499,2.0
6500,2.0
6501,3.0
6502,3.0
6503,4.0
6504,4.0
6505,5.0
6506,5.0
6507,6.0
6508,6.0
6509,7.0
6510,7.0
6511,8.0
6512,8.0
6513,9.0
6514,9.0
6515,10.0
6516,10.0
6517,11.0
6518,11.0
6519,12.0
6520,12.0
6521,13.0
6522,13.0
6523,14.0
6524,14.0
6525,15.0
6526,15.0
6527,16.0
6528,16.0
6529,17.0
6530,17.0
6531,18.0
6532,18.0
6533,19.0
6534,19.0
6535,20.0
6536,20.0
6537,21.0
6538,21.0
6539,22.0
6540,22.0
6541,23.0
6542,23.0
6543,24.0
6544,24.0
6545,25.0
6546,25.0
6547,26.0
6548,26.0
6549,1.0
6550,1.0
6551,2.0
6552,2.0
6553,3.0
6554,3.0
6555,4.0
6556,4.0
6557,5.0
6558,5.0
6559,6.0
6560,6.0
6561,7.0
6562,7.0
6563,8.0
6564,8.0
6565,9.0
6566,9.0
6567,10.0
6568,10.0
6569,11.0
6570,11.0
6571,12.0
6572,12.0
6573,13.0
6574,13.0
6575,14.0
6576,14.0
6577,15.0
6578,15.0
6579,16.0
6580,16.0
6581,17.0
6582,17.0
6583,18.0
6584,18.0
6585,19.0
6586,19.0
6587,20.0
6588,20.0
6589,21.0
6590,21.0
6591,22.0
6592,22.0
6593,23.0
6594,23.0
6595,24.0
6596,24.0
6597,25.0
6598,25.0
6599,26.0
6600,26.0
6601,1.0
6602,1.0
6603,2.0
6604,2.0
6605,3.0
6606,3.0
6607,4.0
6608,4.0
6609,5.0
6610,5.0
6611,6.0
6612,6.0
6613,7.0
6614,7.0
6615,8.0
6616,8.0
6617,9.0
6618,9.0
6619,10.0
6620,10.0
6621,11.0
6622,11.0
6623,12.0
6624,12.0
6625,13.0
6626,13.0
6627,14.0
6628,14.0
6629,15.0
6630,15.0
6631,16.0
6632,16.0
6633,17.0
6634,17.0
6635,18.0
6636,18.0
6637,19.0
6638,19.0
6639,20.0
6640,20.0
6641,21.0
6642,21.0
6643,22.0
6644,22.0
6645,23.0
6646,23.0
6647,24.0
6648,24.0
6649,25.0
6650,25.0
6651,26.0
6652,26.0
6653,1.0
6654,1.0
6655,2.0
6656,2.0
6657,3.0
6658,3.0
6659,4.0
6660,4.0
6661,5.0
6662,5.0
6663,6.0
6664,6.0
6665,7.0
6666,7.0
6667,8.0
6668,8.0
6669,9.0
6670,9.0
6671,10.0
6672,10.0
6673,11.0
6674,11.0
6675,12.0
6676,12.0
6677,13.0
6678,13.0
6679,14.0
6680,14.0
6681,15.0
6682,15.0
6683,16.0
6684,16.0
6685,17.0
6686,17.0
6687,18.0
6688,18.0
6689,19.0
6690,19.0
6691,20.0
6692,20.0
6693,21.0
6694,21.0
6695,22.0
6696,22.0
6697,23.0
6698,23.0
6699,24.0
6700,24.0
6701,25.0
6702,25.0
6703,26.0
6704,26.0
6705,1.0
6706,1.0
6707,2.0
6708,2.0
6709,3.0
6710,3.0
6711,4.0
6712,4.0
6713,5.0
6714,5.0
6715,6.0
6716,6.0
6717,7.0
6718,7.0
6719,8.0
6720,8.0
6721,9.0
6722,9.0
6723,10.0
6724,10.0
6725,11.0
6726,11.0
6727,12.0
6728,12.0
6729,13.0
6730,13.0
6731,14.0
6732,14.0
6733,15.0
6734,15.0
6735,16.0
6736,16.0
6737,17.0
6738,17.0
6739,18.0
6740,18.0
6741,19.0
6742,19.0
6743,20.0
6744,20.0
6745,21.0
6746,21.0
6747,22.0
6748,22.0
6749,23.0
6750,23.0
6751,24.0
6752,24.0
6753,25.0
6754,25.0
6755,26.0
6756,26.0
6757,1.0
6758,1.0
6759,2.0
6760,2.0
6761,3.0
6762,3.0
6763,4.0
6764,4.0
6765,5.0
6766,5.0
6767,6.0
6768,6.0
6769,7.0
6770,7.0
6771,8.0
6772,8.0
6773,9.0
6774,9.0
6775,10.0
6776,10.0
6777,11.0
6778,11.0
6779,12.0
6780,12.0
6781,13.0
6782,13.0
6783,14.0
6784,14.0
6785,15.0
6786,15.0
6787,16.0
6788,16.0
6789,17.0
6790,17.0
6791,18.0
6792,18.0
6793,19.0
6794,19.0
6795,20.0
6796,20.0
6797,21.0
6798,21.0
6799,22.0
6800,22.0
6801,23.0
6802,23.0
6803,24.0
6804,24.0
6805,25.0
6806,25.0
6807,26.0
6808,26.0
6809,1.0
6810,1.0
6811,2.0
6812,2.0
6813,3.0
6814,3.0
6815,4.0
6816,4.0
6817,5.0
6818,5.0
6819,6.0
6820,6.0
6821,7.0
6822,7.0
6823,8.0
6824,8.0
6825,9.0
6826,9.0
6827,10.0
6828,10.0
6829,11.0
6830,11.0
6831,12.0
6832,12.0
6833,13.0
6834,13.0
6835,14.0
6836,14.0
6837,15.0
6838,15.0
6839,16.0
6840,16.0
6841,17.0
6842,17.0
6843,18.0
6844,18.0
6845,19.0
6846,19.0
6847,20.0
6848,20.0
6849,21.0
6850,21.0
6851,22.0
6852,22.0
6853,23.0
6854,23.0
6855,24.0
6856,24.0
6857,25.0
6858,25.0
6859,26.0
6860,26.0
6861,1.0
6862,1.0
6863,2.0
6864,2.0
6865,3.0
6866,3.0
6867,4.0
6868,4.0
6869,5.0
6870,5.0
6871,6.0
6872,6.0
6873,7.0
6874,7.0
6875,8.0
6876,8.0
6877,9.0
6878,9.0
6879,10.0
6880,10.0
6881,11.0
6882,11.0
6883,12.0
6884,12.0
6885,13.0
6886,13.0
6887,14.0
6888,14.0
6889,15.0
6890,15.0
6891,16.0
6892,16.0
6893,17.0
6894,17.0
6895,18.0
6896,18.0
6897,19.0
6898,19.0
6899,20.0
6900,20.0
6901,21.0
6902,21.0
6903,22.0
6904,22.0
6905,23.0
6906,23.0
6907,24.0
6908,24.0
6909,25.0
6910,25.0
6911,26.0
6912,26.0
6913,1.0
6914,1.0
6915,2.0
6916,2.0
6917,3.0
6918,3.0
6919,4.0
6920,4.0
6921,5.0
6922,5.0
6923,6.0
6924,6.0
6925,7.0
6926,7.0
6927,8.0
6928,8.0
6929,9.0
6930,9.0
6931,10.0
6932,10.0
6933,11.0
6934,11.0
6935,12.0
6936,12.0
6937,13.0
6938,13.0
6939,14.0
6940,14.0
6941,15.0
6942,15.0
6943,16.0
6944,16.0
6945,17.0
6946,17.0
6947,18.0
6948,18.0
6949,19.0
6950,19.0
6951,20.0
6952,20.0
6953,21.0
6954,21.0
6955,22.0
6956,22.0
6957,23.0
6958,23.0
6959,24.0
6960,24.0
6961,25.0
6962,25.0
6963,26.0
6964,26.0
6965,1.0
6966,1.0
6967,2.0
6968,2.0
6969,3.0
6970,3.0
6971,4.0
6972,4.0
6973,5.0
6974,5.0
6975,6.0
6976,6.0
6977,7.0
6978,7.0
6979,8.0
6980,8.0
6981,9.0
6982,9.0
6983,10.0
6984,10.0
6985,11.0
6986,11.0
6987,12.0
6988,12.0
6989,13.0
6990,13.0
6991,14.0
6992,14.0
6993,15.0
6994,15.0
6995,16.0
6996,16.0
6997,17.0
6998,17.0
6999,18.0
7000,18.0
7001,19.0
7002,19.0
7003,20.0
7004,20.0
7005,21.0
7006,21.0
7007,22.0
7008,22.0
7009,23.0
7010,23.0
7011,24.0
7012,24.0
7013,25.0
7014,25.0
7015,26.0
7016,26.0
7017,1.0
7018,1.0
7019,2.0
7020,2.0
7021,3.0
7022,3.0
7023,4.0
7024,4.0
7025,5.0
7026,5.0
7027,6.0
7028,6.0
7029,7.0
7030,7.0
7031,8.0
7032,8.0
7033,9.0
7034,9.0
7035,10.0
7036,10.0
7037,11.0
7038,11.0
7039,12.0
7040,12.0
7041,13.0
7042,13.0
7043,14.0
7044,14.0
7045,15.0
7046,15.0
7047,16.0
7048,16.0
7049,17.0
7050,17.0
7051,18.0
7052,18.0
7053,19.0
7054,19.0
7055,20.0
7056,20.0
7057,21.0
7058,21.0
7059,22.0
7060,22.0
7061,23.0
7062,23.0
7063,24.0
7064,24.0
7065,25.0
7066,25.0
7067,26.0
7068,26.0
7069,1.0
7070,1.0
7071,2.0
7072,2.0
7073,3.0
7074,3.0
7075,4.0
7076,4.0
7077,5.0
7078,5.0
7079,6.0
7080,6.0
7081,7.0
7082,7.0
7083,8.0
7084,8.0
7085,9.0
7086,9.0
7087,10.0
7088,10.0
7089,11.0
7090,11.0
7091,12.0
7092,12.0
7093,13.0
7094,13.0
7095,14.0
7096,14.0
7097,15.0
7098,15.0
7099,16.0
7100,16.0
7101,17.0
7102,17.0
7103,18.0
7104,18.0
7105,19.0
7106,19.0
7107,20.0
7108,20.0
7109,21.0
7110,21.0
7111,22.0
7112,22.0
7113,23.0
7114,23.0
7115,24.0
7116,24.0
7117,25.0
7118,25.0
7119,26.0
7120,26.0
7121,1.0
7122,1.0
7123,2.0
7124,2.0
7125,3.0
7126,3.0
7127,4.0
7128,4.0
7129,5.0
7130,5.0
7131,6.0
7132,6.0
7133,7.0
7134,7.0
7135,8.0
7136,8.0
7137,9.0
7138,9.0
7139,10.0
7140,10.0
7141,11.0
7142,11.0
7143,12.0
7144,12.0
7145,13.0
7146,13.0
7147,14.0
7148,14.0
7149,15.0
7150,15.0
7151,16.0
7152,16.0
7153,17.0
7154,17.0
7155,18.0
7156,18.0
7157,19.0
7158,19.0
7159,20.0
7160,20.0
7161,21.0
7162,21.0
7163,22.0
7164,22.0
7165,23.0
7166,23.0
7167,24.0
7168,24.0
7169,25.0
7170,25.0
7171,26.0
7172,26.0
7173,1.0
7174,1.0
7175,2.0
7176,2.0
7177,3.0
7178,3.0
7179,4.0
7180,4.0
7181,5.0
7182,5.0
7183,6.0
7184,6.0
7185,7.0
7186,7.0
7187,8.0
7188,8.0
7189,9.0
7190,9.0
7191,10.0
7192,10.0
7193,11.0
7194,11.0
7195,12.0
7196,12.0
7197,13.0
7198,13.0
7199,14.0
7200,14.0
7201,15.0
7202,15.0
7203,16.0
7204,16.0
7205,17.0
7206,17.0
7207,18.0
7208,18.0
7209,19.0
7210,19.0
7211,20.0
7212,20.0
7213,21.0
7214,21.0
7215,22.0
7216,22.0
7217,23.0
7218,23.0
7219,24.0
7220,24.0
7221,25.0
7222,25.0
7223,26.0
7224,26.0
7225,1.0
7226,1.0
7227,2.0
7228,2.0
7229,3.0
7230,3.0
7231,4.0
7232,4.0
7233,5.0
7234,5.0
7235,6.0
7236,6.0
7237,7.0
7238,7.0
7239,8.0
7240,8.0
7241,9.0
7242,9.0
7243,10.0
7244,10.0
7245,11.0
7246,11.0
7247,12.0
7248,12.0
7249,13.0
7250,13.0
7251,14.0
7252,14.0
7253,15.0
7254,15.0
7255,16.0
7256,16.0
7257,17.0
7258,17.0
7259,18.0
7260,18.0
7261,19.0
7262,19.0
7263,20.0
7264,20.0
7265,21.0
7266,21.0
7267,22.0
7268,22.0
7269,23.0
7270,23.0
7271,24.0
7272,24.0
7273,25.0
7274,25.0
7275,26.0
7276,26.0
7277,1.0
7278,1.0
7279,2.0
7280,2.0
7281,3.0
7282,3.0
7283,4.0
7284,4.0
7285,5.0
7286,5.0
7287,6.0
7288,6.0
7289,7.0
7290,7.0
7291,8.0
7292,8.0
7293,9.0
7294,9.0
7295,10.0
7296,10.0
7297,11.0
7298,11.0
7299,12.0
7300,12.0
7301,13.0
7302,13.0
7303,14.0
7304,14.0
7305,15.0
7306,15.0
7307,16.0
7308,16.0
7309,17.0
7310,17.0
7311,18.0
7312,18.0
7313,19.0
7314,19.0
7315,20.0
7316,20.0
7317,21.0
7318,21.0
7319,22.0
7320,22.0
7321,23.0
7322,23.0
7323,24.0
7324,24.0
7325,25.0
7326,25.0
7327,26.0
7328,26.0
7329,1.0
7330,1.0
7331,2.0
7332,2.0
7333,3.0
7334,3.0
7335,4.0
7336,4.0
7337,5.0
7338,5.0
7339,6.0
7340,6.0
7341,7.0
7342,7.0
7343,8.0
7344,8.0
7345,9.0
7346,9.0
7347,10.0
7348,10.0
7349,11.0
7350,11.0
7351,12.0
7352,12.0
7353,13.0
7354,13.0
7355,14.0
7356,14.0
7357,15.0
7358,15.0
7359,16.0
7360,16.0
7361,17.0
7362,17.0
7363,18.0
7364,18.0
7365,19.0
7366,19.0
7367,20.0
7368,20.0
7369,21.0
7370,21.0
7371,22.0
7372,22.0
7373,23.0
7374,23.0
7375,24.0
7376,24.0
7377,25.0
7378,25.0
7379,26.0
7380,26.0
7381,1.0
7382,1.0
7383,2.0
7384,2.0
7385,3.0
7386,3.0
7387,4.0
7388,4.0
7389,5.0
7390,5.0
7391,6.0
7392,6.0
7393,7.0
7394,7.0
7395,8.0
7396,8.0
7397,9.0
7398,9.0
7399,10.0
7400,10.0
7401,11.0
7402,11.0
7403,12.0
7404,12.0
7405,13.0
7406,13.0
7407,14.0
7408,14.0
7409,15.0
7410,15.0
7411,16.0
7412,16.0
7413,17.0
7414,17.0
7415,18.0
7416,18.0
7417,19.0
7418,19.0
7419,20.0
7420,20.0
7421,21.0
7422,21.0
7423,22.0
7424,22.0
7425,23.0
7426,23.0
7427,24.0
7428,24.0
7429,25.0
7430,25.0
7431,26.0
7432,26.0
7433,1.0
7434,1.0
7435,2.0
7436,2.0
7437,3.0
7438,3.0
7439,4.0
7440,4.0
7441,5.0
7442,5.0
7443,6.0
7444,6.0
7445,7.0
7446,7.0
7447,8.0
7448,8.0
7449,9.0
7450,9.0
7451,10.0
7452,10.0
7453,11.0
7454,11.0
7455,12.0
7456,12.0
7457,13.0
7458,13.0
7459,14.0
7460,14.0
7461,15.0
7462,15.0
7463,16.0
7464,16.0
7465,17.0
7466,17.0
7467,18.0
7468,18.0
7469,19.0
7470,19.0
7471,20.0
7472,20.0
7473,21.0
7474,21.0
7475,22.0
7476,22.0
7477,23.0
7478,23.0
7479,24.0
7480,24.0
7481,25.0
7482,25.0
7483,26.0
7484,26.0
7485,1.0
7486,1.0
7487,2.0
7488,2.0
7489,3.0
7490,3.0
7491,4.0
7492,4.0
7493,5.0
7494,5.0
7495,6.0
7496,6.0
7497,7.0
7498,7.0
7499,8.0
7500,8.0
7501,9.0
7502,9.0
7503,10.0
7504,10.0
7505,11.0
7506,11.0
7507,12.0
7508,12.0
7509,13.0
7510,13.0
7511,14.0
7512,14.0
7513,15.0
7514,15.0
7515,16.0
7516,16.0
7517,17.0
7518,17.0
7519,18.0
7520,18.0
7521,19.0
7522,19.0
7523,20.0
7524,20.0
7525,21.0
7526,21.0
7527,22.0
7528,22.0
7529,23.0
7530,23.0
7531,24.0
7532,24.0
7533,25.0
7534,25.0
7535,26.0
7536,26.0
7537,1.0
7538,1.0
7539,2.0
7540,2.0
7541,3.0
7542,3.0
7543,4.0
7544,4.0
7545,5.0
7546,5.0
7547,6.0
7548,6.0
7549,7.0
7550,7.0
7551,8.0
7552,8.0
7553,9.0
7554,9.0
7555,10.0
7556,10.0
7557,11.0
7558,11.0
7559,12.0
7560,12.0
7561,13.0
7562,13.0
7563,14.0
7564,14.0
7565,15.0
7566,15.0
7567,16.0
7568,16.0
7569,17.0
7570,17.0
7571,18.0
7572,18.0
7573,19.0
7574,19.0
7575,20.0
7576,20.0
7577,21.0
7578,21.0
7579,22.0
7580,22.0
7581,23.0
7582,23.0
7583,24.0
7584,24.0
7585,25.0
7586,25.0
7587,26.0
7588,26.0
7589,1.0
7590,1.0
7591,2.0
7592,2.0
7593,3.0
7594,3.0
7595,4.0
7596,4.0
7597,5.0
7598,5.0
7599,6.0
7600,6.0
7601,7.0
7602,7.0
7603,8.0
7604,8.0
7605,9.0
7606,9.0
7607,10.0
7608,10.0
7609,11.0
7610,11.0
7611,12.0
7612,12.0
7613,13.0
7614,13.0
7615,14.0
7616,14.0
7617,15.0
7618,15.0
7619,16.0
7620,16.0
7621,17.0
7622,17.0
7623,18.0
7624,18.0
7625,19.0
7626,19.0
7627,20.0
7628,20.0
7629,21.0
7630,21.0
7631,22.0
7632,22.0
7633,23.0
7634,23.0
7635,24.0
7636,24.0
7637,25.0
7638,25.0
7639,26.0
7640,26.0
7641,1.0
7642,1.0
7643,2.0
7644,2.0
7645,3.0
7646,3.0
7647,4.0
7648,4.0
7649,5.0
7650,5.0
7651,6.0
7652,6.0
7653,7.0
7654,7.0
7655,8.0
7656,8.0
7657,9.0
7658,9.0
7659,10.0
7660,10.0
7661,11.0
7662,11.0
7663,12.0
7664,12.0
7665,13.0
7666,13.0
7667,14.0
7668,14.0
7669,15.0
7670,15.0
7671,16.0
7672,16.0
7673,17.0
7674,17.0
7675,18.0
7676,18.0
7677,19.0
7678,19.0
7679,20.0
7680,20.0
7681,21.0
7682,21.0
7683,22.0
7684,22.0
7685,23.0
7686,23.0
7687,24.0
7688,24.0
7689,25.0
7690,25.0
7691,26.0
7692,26.0
7693,1.0
7694,1.0
7695,2.0
7696,2.0
7697,3.0
7698,3.0
7699,4.0
7700,4.0
7701,5.0
7702,5.0
7703,6.0
7704,6.0
7705,7.0
7706,7.0
7707,8.0
7708,8.0
7709,9.0
7710,9.0
7711,10.0
7712,10.0
7713,11.0
7714,11.0
7715,12.0
7716,12.0
7717,13.0
7718,13.0
7719,14.0
7720,14.0
7721,15.0
7722,15.0
7723,16.0
7724,16.0
7725,17.0
7726,17.0
7727,18.0
7728,18.0
7729,19.0
7730,19.0
7731,20.0
7732,20.0
7733,21.0
7734,21.0
7735,22.0
7736,22.0
7737,23.0
7738,23.0
7739,24.0
7740,24.0
7741,25.0
7742,25.0
7743,26.0
7744,26.0
7745,1.0
7746,1.0
7747,2.0
7748,2.0
7749,3.0
7750,3.0
7751,4.0
7752,4.0
7753,5.0
7754,5.0
7755,6.0
7756,6.0
7757,7.0
7758,7.0
7759,8.0
7760,8.0
7761,9.0
7762,9.0
7763,10.0
7764,10.0
7765,11.0
7766,11.0
7767,12.0
7768,12.0
7769,13.0
7770,13.0
7771,14.0
7772,14.0
7773,15.0
7774,15.0
7775,16.0
7776,16.0
7777,17.0
7778,17.0
7779,18.0
7780,18.0
7781,19.0
7782,19.0
7783,20.0
7784,20.0
7785,21.0
7786,21.0
7787,22.0
7788,22.0
7789,23.0
7790,23.0
7791,24.0
7792,24.0
7793,25.0
7794,25.0
7795,26.0
7796,26.0
