dataset,noise_factor,method,n_runs,operator_seconds_mean,operator_seconds_std,operator_seconds_min,operator_seconds_max,embedding_seconds_mean,embedding_seconds_std,embedding_seconds_min,embedding_seconds_max,kmeans_seconds_mean,kmeans_seconds_std,kmeans_seconds_min,kmeans_seconds_max,pipeline_seconds_mean,pipeline_seconds_std,pipeline_seconds_min,pipeline_seconds_max,total_seconds_mean,total_seconds_std,total_seconds_min,total_seconds_max
caltech101-7,,Alternating Diffusion,3,3.1634470556649226,0.015985097186059397,3.141471291994094,3.179026708006859,0.07964545866222274,0.020946714937023585,0.0573592919972725,0.1076895000005606,0.03149018066566587,0.008033734269385848,0.0226888330071233,0.0421128749876515,3.274582694992811,0.043816974762776004,3.2215194169984898,3.328829082995071,3.274582694992811,0.043816974762776004,3.2215194169984898,3.328829082995071
caltech101-7,,Beam-Search MDT,3,474.2209684720001,0.7921797393221136,473.26598954200745,475.2057394579897,0.026751722335272097,0.004166519910371164,0.0208668340055737,0.0299508750031236,0.015101347661887567,0.0004552375347310793,0.0147547090018633,0.0157444999931613,474.26282154199725,0.7924760135424024,473.3102318339952,475.2504450419947,474.26282154199725,0.7924760135424024,473.3102318339952,475.2504450419947
caltech101-7,,Contrastive MDT,3,98.10594590266312,0.7381755282504745,97.36721195800057,99.11410766599874,0.38892002766078804,0.026980004291955587,0.3625009999959729,0.4259708329918794,0.013709819671930698,0.0008054521932001535,0.0125993330002529,0.0144847090123221,98.50857574999584,0.7643447143356004,97.74419766700883,99.55267783199088,98.50857574999584,0.7643447143356004,97.74419766700883,99.55267783199088
caltech101-7,,Cross Diffusion Maps,3,41.4636854306688,0.08396862303745772,41.34513133400469,41.52886070800014,0.0263715000037336,0.0063048599830448394,0.0189515840029343,0.0343634580058278,0.02996720833471043,0.008911847443739643,0.0174092079978436,0.0371703340060776,41.52002413900724,0.0983756259063255,41.38149212600547,41.60039450001205,41.52002413900724,0.0983756259063255,41.38149212600547,41.60039450001205
caltech101-7,,Direct MDT,3,184.7766225003385,0.776517222450529,184.1134099170013,185.8662395420106,0.029845722334963864,0.0012068836593572658,0.0288193750020582,0.0315399170067394,0.021206583332968834,0.008719857378434103,0.0140926659951219,0.0334869590005837,184.82767480600646,0.7733347491548473,184.15668045799248,185.91109904201585,184.82767480600646,0.7733347491548473,184.15668045799248,185.91109904201585
caltech101-7,,GCCA,3,22.628080999663023,0.05030972686940243,22.56617274999735,22.68940170800488,4.333332375002404e-06,1.8968561002808257e-07,4.083005478605628e-06,4.542001988738775e-06,0.03702599966588113,0.012407449759753395,0.0232276250026188,0.0533124579960713,22.66511133266128,0.06260433089236475,22.589404917001957,22.74271824900643,22.66511133266128,0.06260433089236475,22.589404917001957,22.74271824900643
caltech101-7,,Integrated Diffusion Maps,3,10.989956277994983,0.07742790372563062,10.890598583995596,11.07949308399111,0.015973874998356466,0.0012054659671500779,0.0150621249922551,0.017677249998087,0.047771430661668966,0.018483624015396584,0.0242174579907441,0.0693654589995276,11.053701583655007,0.09607081326250376,10.929878166978597,11.164040792995364,11.053701583655007,0.09607081326250376,10.929878166978597,11.164040792995364
caltech101-7,,MVSC,3,115.7023134723325,0.15902755134069524,115.484296249997,115.8591343329972,5.194667513327052e-06,3.1602684643403387e-07,4.875000740867108e-06,5.6249991757795215e-06,0.045305819333104035,0.016594310089570224,0.0332808750026742,0.068771291997109,115.74762448633312,0.17117084803522922,115.51758220900228,115.92791124999349,115.74762448633312,0.17117084803522922,115.51758220900228,115.92791124999349
caltech101-7,,Multi-view Diffusion Maps,3,4.61601588933748,0.010264084902959492,4.60465054200904,4.629518333997112,4.6110623606703784,1.9285035009086327,2.290417083000648,7.012208416010253,0.015835944674715035,0.0036786523537287673,0.0120764590101316,0.0208299170044483,9.242914194682575,1.9422947147482155,6.907144084019819,11.662556667011811,9.242914194682575,1.9422947147482155,6.907144084019819,11.662556667011811
caltech101-7,,Powered Alternating Diffusion,3,28.410291583670187,0.328497815644157,28.01158450001094,28.816141417002655,0.018599680668557966,0.00017977658139572508,0.0183580000011716,0.0187888750078855,0.015018624665875233,0.0017941057908196266,0.0134474169899476,0.0175295410008402,28.44390988900462,0.33005260847907125,28.043684083997505,28.852028958004663,28.44390988900462,0.33005260847907125,28.043684083997505,28.852028958004663
caltech101-7,,Random Convex MDT,3,4.063958971993998,0.074124035418581,3.96107687499898,4.132807332993252,0.03339629166778947,0.0014493142435302209,0.0316344580060103,0.035184249994927,0.028063819001545132,0.011916268935428463,0.0133794580033281,0.0425665410002693,4.125419082663332,0.08656121125300151,4.006090791008319,4.208744040995953,4.125419082663332,0.08656121125300151,4.006090791008319,4.208744040995953
caltech101-7,,Random MDT,3,4.274432833330745,0.019536102262714756,4.247039041001699,4.291240041988203,0.04666266633527503,0.014126638002952599,0.0336414159974083,0.0662949580000713,0.03681393066653977,0.009858968115345068,0.0269362920080311,0.0502746669953921,4.357909430332559,0.04090452878577656,4.307616749007138,4.407809666983667,4.357909430332559,0.04090452878577656,4.307616749007138,4.407809666983667
caltech101-7,,Single-view Diffusion Maps (view 1),3,0.08534709766293717,0.0007600263753792983,0.0843707919993903,0.086224583996227,5.626367458666209,2.4600483930803887,2.787620250004693,8.78754841699265,0.01758819466825413,0.0019142921984039397,0.0154946249967906,0.0201214170083403,5.729302750997401,2.4599578559224318,2.889139584003715,8.889267625985667,5.729302750997401,2.4599578559224318,2.889139584003715,8.889267625985667
caltech101-7,,Single-view Diffusion Maps (view 2),3,0.07912648599691839,0.0018410182538376992,0.0766231659945333,0.080997875003959,5.556986416665798,1.7063633608302247,3.3259492079960182,7.468977625001571,0.0164542086664975,0.0002470984407059007,0.0161211670056218,0.0167123749997699,5.652567111329215,1.707960511620736,3.4192847489903215,7.566096667011152,5.652567111329215,1.707960511620736,3.4192847489903215,7.566096667011152
caltech101-7,,Single-view Diffusion Maps (view 3),3,0.13973051366338038,0.0038285546354672323,0.136103541997727,0.1450254579976899,35.102177875004905,14.251620303608288,17.523355167009868,52.42984233300376,1.3423808333318448,0.5899273427391943,0.8478874580032425,2.1715455829980783,36.58428922200013,14.730308970444804,18.66716816800181,54.74641337399953,36.58428922200013,14.730308970444804,18.66716816800181,54.74641337399953
caltech101-7,,Single-view Diffusion Maps (view 4),3,1.3941111246676883,0.009155034660910154,1.3811677909980062,1.4008558750065276,0.5238734026643215,0.22997441884038639,0.2445145829988178,0.8077794999990147,0.015102958001079934,0.001139605753931571,0.0135917080042418,0.0163434999994933,1.9330874853330897,0.2368700506431804,1.6420258739963174,2.222227083009784,1.9330874853330897,0.2368700506431804,1.6420258739963174,2.222227083009784
caltech101-7,,Single-view Diffusion Maps (view 5),3,0.3117804580057661,0.00355674942556684,0.306772625001031,0.3146929160138825,0.18368327766559858,0.07910083678104478,0.0876451660005841,0.2813805420009885,0.028830500334151965,0.008795093838433753,0.0186099169950466,0.0400796250032726,0.5242942360055167,0.09109151579948195,0.4130277079966618,0.6361530830181437,0.5242942360055167,0.09109151579948195,0.4130277079966618,0.6361530830181437
caltech101-7,,Single-view Diffusion Maps (view 6),3,0.5848349303317567,0.015610181184708773,0.5627695420116652,0.5964639579906361,0.20015022233807633,0.08161077227119572,0.1076266250020125,0.3061616250051884,0.022357014003015697,0.003960756772778561,0.0172585420077666,0.0269151250104187,0.8073421666728487,0.09876550775165045,0.6876547090214444,0.9295407080062432,0.8073421666728487,0.09876550775165045,0.6876547090214444,0.9295407080062432
isolet_lindenbaum,,Alternating Diffusion,3,1.6873744579982788,0.02128470698648055,1.6722279579989845,1.7174753750005038,0.09152804200130044,0.001063346796809176,0.0907720420073019,0.0930318339960649,0.05256194466589167,0.0047847724659514645,0.048408874994493,0.0592650420003337,1.8314644446654709,0.027097531099669482,1.811417082994012,1.8697722509969024,1.8314644446654709,0.027097531099669482,1.811417082994012,1.8697722509969024
isolet_lindenbaum,,Beam-Search MDT,3,23.353169152663515,0.12077596078748469,23.23029599999427,23.51735245800228,0.0480814026668667,0.00155293433652607,0.0466160409996518,0.0502307499991729,0.027543541335035063,0.0008578870901308518,0.0263599580066511,0.0283662080037174,23.428794096665417,0.11870925914651388,23.30843120798818,23.59032845700858,23.428794096665417,0.11870925914651388,23.30843120798818,23.59032845700858
isolet_lindenbaum,,Contrastive MDT,3,71.77642719399591,6.200043417110734,63.95122016599635,79.11472899999353,0.06841726367323032,0.004970412769490738,0.062282208004035,0.0744560410093981,0.04354700033824573,0.006565837541470771,0.0343135840084869,0.0490142089984146,71.88839145800739,6.196333522633339,64.07469041600416,79.23055575000762,71.88839145800739,6.196333522633339,64.07469041600416,79.23055575000762
isolet_lindenbaum,,Cross Diffusion Maps,3,26.400128069333732,0.030090969707886616,26.357603541997378,26.422786082999664,0.05081645799994774,0.00029961495699384546,0.0504147080064285,0.0511339579970808,0.026646375001291665,6.195170703223197e-05,0.0265720000024884,0.0267236660001799,26.47759090233497,0.030371419038348748,26.434661709005013,26.500258790998487,26.47759090233497,0.030371419038348748,26.434661709005013,26.500258790998487
isolet_lindenbaum,,Direct MDT,3,120.98304933333323,0.12657660653444372,120.8090735829901,121.10653083400392,0.0599374726589303,0.0009267663050633675,0.0589503339870134,0.0611777089943643,0.028046541672665567,0.0016909818977236671,0.0258807500067632,0.0300075830018613,121.07103334766482,0.12497045827965847,120.89876554098736,121.19136191799772,121.07103334766482,0.12497045827965847,120.89876554098736,121.19136191799772
isolet_lindenbaum,,Direct MDT (DBS),3,125.53996629166552,0.474222644732142,125.09502045800036,126.19700575000024,0.060249236325034795,0.002424773829563108,0.057280291992356,0.0632197499944595,0.02824708299885967,0.00039851083571509666,0.0277493749890709,0.0287249160028295,125.62846261098942,0.47221248603857124,125.1865071659995,126.28301095799544,125.62846261098942,0.47221248603857124,125.1865071659995,126.28301095799544
isolet_lindenbaum,,Direct MDT (SIL),3,149.04754662499667,0.36140254537545285,148.59839937499785,149.4833494159975,0.05929005533592616,0.0015766677855911743,0.0575608330109389,0.0613737499952549,0.0282546393330752,0.00015226389525851045,0.028089708997868,0.0284569999930681,149.13509131966566,0.3603288198048567,148.68799033400137,149.57037470799696,149.13509131966566,0.3603288198048567,148.68799033400137,149.57037470799696
isolet_lindenbaum,,GCCA,3,7.823591930665619,0.10231050652955344,7.703585666997242,7.953595291997772,5.027997152258952e-06,8.386927891354535e-07,4.3339969124644995e-06,6.207992555573583e-06,0.0397114999990056,0.00957658884077175,0.0314243750035529,0.0531318749999627,7.863308458661777,0.09381679162195777,7.756721875994117,7.98502587499388,7.863308458661777,0.09381679162195777,7.756721875994117,7.98502587499388
isolet_lindenbaum,,Integrated Diffusion Maps,3,7.007215638669247,0.012179987198907697,6.990572082999279,7.019380875004572,0.04939586066272259,0.0006605903737889441,0.0485338750004302,0.0501387909898767,0.0419514030024098,0.0082863836342113,0.0304675000079441,0.0497147920104907,7.098562902334379,0.02004703823853311,7.0711783739971,7.118610583012924,7.098562902334379,0.02004703823853311,7.0711783739971,7.118610583012924
isolet_lindenbaum,,MVSC,3,50.10524468033691,0.2018506778293227,49.836218583004666,50.32242733300518,1.620799594093114e-05,1.365482288181269e-05,2.707995008677244e-06,3.491599636618048e-05,0.059470652668096535,0.004898637721003255,0.0540679589976207,0.0659274160061613,50.16473154100095,0.2042041475250461,49.89467008200154,50.38835745700635,50.16473154100095,0.2042041475250461,49.89467008200154,50.38835745700635
isolet_lindenbaum,,Multi-view Diffusion Maps,3,1.9235700973367784,0.004549093382688378,1.918931917010923,1.9297501249966444,0.7558916806689618,0.015352723548505016,0.7444415420031874,0.7775926670001354,0.03560794432996767,0.008128335821684481,0.0241613329999381,0.0422456249943934,2.715069722335708,0.011620911010393416,2.7068183750088792,2.731504124996718,2.715069722335708,0.011620911010393416,2.7068183750088792,2.731504124996718
isolet_lindenbaum,,Powered Alternating Diffusion,3,35.06855079165931,0.42314959600055213,34.64506608399097,35.646460999996634,0.05662824999308206,0.010131993053816107,0.0471070419880561,0.0706622500001685,0.0294779583297592,0.002478635433917706,0.026577124997857,0.0326325829955749,35.15465699998216,0.41635298870878484,34.729814124977565,35.72014516698255,35.15465699998216,0.41635298870878484,34.729814124977565,35.72014516698255
isolet_lindenbaum,,Random Convex MDT,3,2.4680719996589082,0.0299150440336114,2.426402290991973,2.4952386249933625,0.0592677360012506,0.0012688550467775694,0.0575021669937996,0.0604281249979976,0.026819194667041264,0.0013412627474615052,0.0254284169932361,0.0286316250130767,2.5541589303272,0.03195211658939479,2.509332874979009,2.581509083000128,2.5541589303272,0.03195211658939479,2.509332874979009,2.581509083000128
isolet_lindenbaum,,Random MDT,3,2.532668625334433,0.03464675272829609,2.4847671250026906,2.5655457919929177,0.058903819342958706,0.0017556112731229065,0.0576587500108871,0.06138662500598,0.03505009732422567,0.007594812926457003,0.0283367499941959,0.0456676249887095,2.6266225420016176,0.039598743449612325,2.5707699580088956,2.6580783339886693,2.6266225420016176,0.039598743449612325,2.5707699580088956,2.6580783339886693
isolet_lindenbaum,,Single-view Diffusion Maps (view 1),3,0.4625581803362972,0.0005643853462060758,0.4618467079999391,0.4632272080052644,0.19356915266932143,0.000302524417602325,0.1931511250004405,0.1938570409984095,0.052282208334266465,0.002409373138262447,0.0488750829972559,0.0540210000035585,0.7084095413398851,0.0024307358113602805,0.7051750000100583,0.7110347910056589,0.7084095413398851,0.0024307358113602805,0.7051750000100583,0.7110347910056589
isolet_lindenbaum,,Single-view Diffusion Maps (view 2),3,0.47679555566476967,0.0061949976287223076,0.471476040998823,0.4854839170002378,0.16910423633332053,0.0019843678667705307,0.1663870840129675,0.1710705839941511,0.03608218066316713,0.007741490038915488,0.0303919169964501,0.0470274159888504,0.6819819726612574,0.014634420127998178,0.6686903340159915,0.7023663739819312,0.6819819726612574,0.014634420127998178,0.6686903340159915,0.7023663739819312
isolet_lindenbaum,,Single-view Diffusion Maps (view 3),3,0.46707654200145043,0.0012629674350687241,0.4653452089987695,0.4683223330066539,0.12857615266693753,0.0004203771269244889,0.128149875003146,0.1291481660009594,0.029564208336523703,0.001966252480713785,0.0267852079996373,0.0310379170114174,0.6252169030049117,0.0012622347684474679,0.6235379580029985,0.6265814590005903,0.6252169030049117,0.0012622347684474679,0.6235379580029985,0.6265814590005903
leaves,,Alternating Diffusion,3,0.5505832363317799,0.01774465544504749,0.5256786669924622,0.5657059170043794,0.4335079859981003,0.1747807898043317,0.2226848330028588,0.6506678750010906,0.29441319467150606,0.03748347250999186,0.2441381670068949,0.3341051669995067,1.2785044170013862,0.15465396993404265,1.0824686669948278,1.460511959012365,1.2785044170013862,0.15465396993404265,1.0824686669948278,1.460511959012365
leaves,,Beam-Search MDT,3,30.487690000004175,0.3072386381255551,30.104760208007065,30.85696645900316,0.24314495866807798,0.011779877084970235,0.2333981670089997,0.2597187089995714,0.2943115420008932,0.04666972089107838,0.2515089170046849,0.3592219999991357,31.025146500673145,0.2619841314786999,30.700300208001863,31.341873543016845,31.025146500673145,0.2619841314786999,30.700300208001863,31.341873543016845
leaves,,Contrastive MDT,3,60.630319541329904,0.6318431026590332,59.78366754100716,61.301080082994304,0.2472541810032756,0.018837697653296796,0.2256237090041395,0.2715371670055901,0.210961166327858,0.026700379826037242,0.1867804579960648,0.2481679579941555,61.08853488866104,0.5919091727562871,60.30337266600691,61.732462207990466,61.08853488866104,0.5919091727562871,60.30337266600691,61.732462207990466
leaves,,Cross Diffusion Maps,3,24.607165625003592,0.030008933742689828,24.56478620800772,24.63030287499714,0.37825495866612374,0.13997222675015644,0.2185015419963747,0.5593614590034122,0.28019668033327133,0.022287905781614152,0.2515659579948988,0.3059285830095177,25.265617264002987,0.17955297645637724,25.03485370799899,25.47275983399595,25.265617264002987,0.17955297645637724,25.03485370799899,25.47275983399595
leaves,,Direct MDT,3,142.58859087499636,0.49123431643046755,141.96774358299444,143.16897416699794,0.21299497233606715,0.006784304694039277,0.2052296670008218,0.2217577080009505,0.2208155420036443,0.023538646903252424,0.1923650840035407,0.250008417002391,143.02240138933607,0.49864584141794105,142.4095744160004,143.63098012600676,143.02240138933607,0.49864584141794105,142.4095744160004,143.63098012600676
leaves,,GCCA,3,13.211663583337213,0.06926011638881437,13.128961667011026,13.298464958003024,3.236006402100126e-06,4.776622354229638e-07,2.625005436129868e-06,3.791006747633219e-06,0.3602935836728041,0.00798838813353272,0.3489963750034803,0.3659785840136464,13.57196040301642,0.07002147384993351,13.494942876030107,13.664374042011332,13.57196040301642,0.07002147384993351,13.494942876030107,13.664374042011332
leaves,,Integrated Diffusion Maps,3,5.672593805667323,0.007235750768214203,5.662810916997842,5.680084374995204,0.4037437920002655,0.15957805201837733,0.2097046669950941,0.6005598750052741,0.26197072232995805,0.00781198568132442,0.2546192499867175,0.2727884170017205,6.338308319997547,0.1725382103526763,6.131020083994372,6.553432667002198,6.338308319997547,0.1725382103526763,6.131020083994372,6.553432667002198
leaves,,MVSC,3,66.57884605566748,0.23007748074338044,66.27068204199895,66.82336962500267,4.361002841809143e-06,8.881488124383955e-07,3.3330070436932147e-06,5.500005499925464e-06,0.44957427766833763,0.03339718675060713,0.4113264170009643,0.4926957910065539,67.02842469433865,0.19685135150886615,66.76338116601255,67.23470029199962,67.02842469433865,0.19685135150886615,66.76338116601255,67.23470029199962
leaves,,Multi-view Diffusion Maps,3,0.8025190693297191,0.0016398405179714828,0.8003355830005603,0.8042874999955529,2.7844138053284646,1.1413317590595622,1.3874720000021623,4.1831507079914445,0.23340716667007655,0.01828400531831295,0.2118941250082571,0.2565874169958988,3.82034004132826,1.1329161412096334,2.4443949999986216,5.219178165993071,3.82034004132826,1.1329161412096334,2.4443949999986216,5.219178165993071
leaves,,Powered Alternating Diffusion,3,33.27540456932911,0.34708245196363957,32.990740374996676,33.76403720799135,0.24955205599932614,0.05528693263178119,0.208975041998201,0.3277205839985981,0.23740968032992285,0.018608771651260674,0.2165164159960113,0.2617139170033624,33.76236630565836,0.3156093798606377,33.43669962498825,34.18952866598556,33.76236630565836,0.3156093798606377,33.43669962498825,34.18952866598556
leaves,,Random Convex MDT,3,1.3895950556664804,0.01366487728353217,1.3703027500014286,1.4002151250024326,0.402458055667618,0.159855228629238,0.2144139169977279,0.6051543750072597,0.2347259860010429,0.018957243680673475,0.2210668330080807,0.2615339579933788,2.0267790973351416,0.17256874642130393,1.8057835000072373,2.2269466670113616,2.0267790973351416,0.17256874642130393,1.8057835000072373,2.2269466670113616
leaves,,Random MDT,3,1.3293782223336166,0.020668405451564856,1.3002730000007432,1.346262999999453,0.3955357220014169,0.15260501009461266,0.2167547080025542,0.5896183750010096,0.29656181966614287,0.0056713609408756286,0.2900135829986539,0.3038467919977847,2.0214757640011762,0.17339430986495422,1.807041291001951,2.231706459002453,2.0214757640011762,0.17339430986495422,1.807041291001951,2.231706459002453
leaves,,Single-view Diffusion Maps (view 1),3,0.0988361943357934,0.0008991497373487037,0.0978139159997226,0.1000022500084014,0.5677589026696902,0.24322333438619453,0.2698269579996122,0.8656000000046333,0.2352823053321723,0.010467684749963341,0.220497250003973,0.2433153329911874,0.901877402337656,0.252600458720715,0.5890166250028415,1.2076365830143914,0.901877402337656,0.252600458720715,0.5890166250028415,1.2076365830143914
leaves,,Single-view Diffusion Maps (view 2),3,0.09904877800727256,0.000863873508744418,0.0978356670093489,0.0997805830120341,0.6403982639991833,0.27612430082277517,0.3046250000043073,0.9809382499952336,0.23546238899871239,0.018851582240163433,0.2101282499934313,0.2553203749994281,0.9749094310051684,0.29534854469231275,0.6125889170070877,1.3360392080066958,0.9749094310051684,0.29534854469231275,0.6125889170070877,1.3360392080066958
leaves,,Single-view Diffusion Maps (view 3),3,0.10467795800165426,0.0004081155211778992,0.1041362910036696,0.1051213750033639,0.6467146666691405,0.27391805638109423,0.3102998329995898,0.9812514170043868,0.23288181932972893,0.0064161047319719455,0.223808957991423,0.2375277499959338,0.9842744440005239,0.2744522800512357,0.6517448740050895,1.323900542003685,0.9842744440005239,0.2744522800512357,0.6517448740050895,1.323900542003685
msrc,,Alternating Diffusion,3,0.018094902334269098,0.00015711383188846974,0.0179489160072989,0.0183129579963861,0.003287167002175266,0.0019332757038926797,0.0011741670023184,0.0058462500019231,0.024281069675149966,0.0008392622779062755,0.0233446250058477,0.025380834005773,0.045663139011594404,0.0013160995520299385,0.0445039170153904,0.047503833004157,0.045663139011594404,0.0013160995520299385,0.0445039170153904,0.047503833004157
msrc,,Beam-Search MDT,3,2.250915555661777,0.017156330462764657,2.2267108329979237,2.26446983400092,0.0016665420019610667,0.001132232097842825,0.0005795420001959,0.0032282500033034,0.015518916664101767,0.002614135863327734,0.0134402499970747,0.0192058749962598,2.26810101432784,0.013502397349910282,2.249144957997487,2.279572293002275,2.26810101432784,0.013502397349910282,2.249144957997487,2.279572293002275
msrc,,Contrastive MDT,3,1.7915371660055825,0.10215837073911407,1.6593231660081074,1.9080831660103288,0.00143795866461,0.00036138699189785254,0.0009273339965147,0.0017119169933721,0.009834763996574666,0.0026936420815951594,0.0061159169999882,0.0124091659963596,1.8028098886667674,0.099400106409097,1.6734442489978392,1.9151264170068316,1.8028098886667674,0.099400106409097,1.6734442489978392,1.9151264170068316
msrc,,Cross Diffusion Maps,3,0.16553648633513754,0.0003957439709076239,0.1650284170027589,0.1659937920048833,0.0029906109994044003,0.0012530226300977527,0.0016648329910822,0.0046717500081285,0.022199375006797032,0.0006355778150945237,0.0217365420103305,0.0230980830092448,0.19072647234133908,0.001664560154292923,0.188456749994657,0.1924020840233424,0.19072647234133908,0.001664560154292923,0.188456749994657,0.1924020840233424
msrc,,Direct MDT,3,1.2321428333380027,0.0027336613312027706,1.22901075000118,1.235671500005992,0.0018477219952424998,0.0006714036586968575,0.0009608749969629,0.0025849160010693,0.017553708326886366,0.0011399480151998292,0.0159770829923218,0.0186334169993642,1.2515442636601317,0.0021174880942770153,1.2490587499778485,1.2542334989993833,1.2515442636601317,0.0021174880942770153,1.2490587499778485,1.2542334989993833
msrc,,GCCA,3,0.17767256933439055,0.0022483506234606825,0.1749493749957764,0.1804557080031372,1.8470018403604627e-06,2.894978491814251e-07,1.5830009942874312e-06,2.2500025806948543e-06,0.02360294466294963,0.0012823283729165539,0.0217968339857179,0.0246475000021746,0.2012773609991806,0.0013868068451826415,0.1993161249993136,0.2022618330083787,0.2012773609991806,0.0013868068451826415,0.1993161249993136,0.2022618330083787
msrc,,Integrated Diffusion Maps,3,0.12955647200093753,0.0008105554064054283,0.1288450410065706,0.1306905829987954,0.0029025693365837997,0.001140265377386424,0.0014206250052666,0.0041941670060623,0.025758847332326668,0.0011681467797475863,0.0241367090056883,0.0268407499970635,0.15821788866984812,0.0011690970982125668,0.1565647490060655,0.1590674579929327,0.15821788866984812,0.0011690970982125668,0.1565647490060655,0.1590674579929327
msrc,,MVSC,3,0.6261122363309065,0.006979780342422836,0.6170904589962447,0.6340917919951607,1.8336674353728692e-06,3.7436221048427187e-07,1.3750031939707696e-06,2.291999408043921e-06,0.022282111334789034,0.002868912688571687,0.0183195839999825,0.0250182080053491,0.648396181333131,0.004501305053716671,0.6421109590010019,0.6524132099948474,0.648396181333131,0.004501305053716671,0.6421109590010019,0.6524132099948474
msrc,,Multi-view Diffusion Maps,3,0.022766750000300765,0.00037358147653046174,0.0223036670067813,0.0232185420027235,0.03505413867242163,0.015773126520501415,0.0156715830089524,0.0543070420098956,0.013763249672289568,0.000996488811628261,0.0123542910005198,0.0144924580090446,0.0715841383450121,0.015306016456506233,0.0524182500230381,0.0898798750131391,0.0715841383450121,0.015306016456506233,0.0524182500230381,0.0898798750131391
msrc,,Powered Alternating Diffusion,3,0.29123163899930654,0.0007762759842170502,0.2902345420006895,0.2921280000009574,0.004258569664671067,0.00344321135538814,0.0007290829962585,0.0089285839931108,0.0212699583304735,0.0009944000697490198,0.0198717919993214,0.0220997909927973,0.31676016699445114,0.003320933206649512,0.3128019169962499,0.3209283759933896,0.31676016699445114,0.003320933206649512,0.3128019169962499,0.3209283759933896
msrc,,Random Convex MDT,3,0.022594305662399398,0.00044840156988816326,0.0219664579926757,0.022985375006101,0.002917388662657,0.0014435703088943295,0.0015290409937733,0.0049077919975388,0.025548666671966164,0.0009379075501939772,0.0247005420096684,0.0268559160031145,0.051060360997022734,0.0009752694306964535,0.0503514149895636,0.0524394179956289,0.051060360997022734,0.0009752694306964535,0.0503514149895636,0.0524394179956289
msrc,,Random MDT,3,0.024098722336930167,0.00010698438301450475,0.0239538750029169,0.0242089999956078,0.0029139446657305674,0.0014680960261371117,0.0012253750028321,0.004804416996194,0.024547847327388166,0.0007936547423024845,0.0238691249978728,0.0256613749952521,0.05156051433004897,0.0009360499181923256,0.0508406250010011,0.0528825419896747,0.05156051433004897,0.0009360499181923256,0.0508406250010011,0.0528825419896747
msrc,,Single-view Diffusion Maps (view 1),3,0.0028963336711361003,0.0002538185487662275,0.0025553340092301,0.0031639170047128,0.008549027663927167,0.005307859226675522,0.0027559169975575,0.015579582992359,0.017354583328900167,0.0016035656300157036,0.0153128749952884,0.0192302499926881,0.02879994466396353,0.004609928865036421,0.0228318760055117,0.0340563749923603,0.02879994466396353,0.004609928865036421,0.0228318760055117,0.0340563749923603
msrc,,Single-view Diffusion Maps (view 2),3,0.0033197913338274664,0.0004303173589838335,0.0028813330136472,0.0039045000012265,0.010389347327873033,0.006339458531581025,0.0037844589969608,0.0189419999951496,0.016232513662544034,0.001291080463521361,0.0144224169926019,0.0173449159919982,0.02994165232424467,0.005501957788338188,0.0240107080026064,0.0372689169889781,0.02994165232424467,0.005501957788338188,0.0240107080026064,0.0372689169889781
msrc,,Single-view Diffusion Maps (view 3),3,0.003453625002293833,0.00029966512895599346,0.0030555830016965,0.0037786250031786,0.009893749995777934,0.005572397154915473,0.0035861249925801,0.0171387500013224,0.01822433300064097,0.001751074925992473,0.0160570829903008,0.0203455830051098,0.03157170799871283,0.005004022128680673,0.024912041000789,0.0369744579948019,0.03157170799871283,0.005004022128680673,0.024912041000789,0.0369744579948019
msrc,,Single-view Diffusion Maps (view 4),3,0.003561972000170433,0.000349631178304052,0.0033122909953817,0.0040564170049037,0.009476013670791832,0.005158756506569721,0.0035896659974241,0.016151792005985,0.019292819667801536,0.0012840921775086427,0.0175453340052627,0.0205944170011207,0.03233080533876393,0.0045407519677217985,0.0266406649898272,0.0377535430161515,0.03233080533876393,0.0045407519677217985,0.0266406649898272,0.0377535430161515
msrc,,Single-view Diffusion Maps (view 5),3,0.0035469163315913336,0.000492373683605016,0.0030560000013792,0.0042200409952783,0.010636903001189501,0.006035262753686314,0.0038519589870702,0.0185137920052511,0.0183115829956174,0.0027139968155859475,0.0144762080017244,0.0203561249945778,0.032495402328398336,0.004076823409575495,0.0272640839830273,0.037210041002254,0.032495402328398336,0.004076823409575495,0.0272640839830273,0.037210041002254
multiple_feat,,Alternating Diffusion,3,2.3121164579982483,0.002959882942498199,2.307989082997665,2.314784250003868,0.057714083004005524,0.00216178467857313,0.0547700830065878,0.0598999579960946,0.03529134666314343,0.0005718120733616336,0.034668790991418,0.0360495829954743,2.405121887665397,0.0015374808187953526,2.4030447069962975,2.406717039993964,2.405121887665397,0.0015374808187953526,2.4030447069962975,2.406717039993964
multiple_feat,,Beam-Search MDT,3,128.40974768033388,1.179772700391248,126.74174212499928,129.27712016600708,0.04145152766917207,0.004402962545217438,0.0355893329979153,0.0462006250018021,0.0398330693375707,0.009661658025836795,0.0264856249996228,0.0490377500100294,128.49103227734062,1.1858692410870477,126.81442837500072,129.36366062401794,128.49103227734062,1.1858692410870477,126.81442837500072,129.36366062401794
multiple_feat,,Contrastive MDT,3,191.63241326367037,0.6591776983006843,191.0415909160074,192.5522998749948,0.14960444466366118,0.005478859494325619,0.1421789999876637,0.1552339170011691,0.0225488746655173,0.019418464064780462,0.0087666670006001,0.050010665989248,191.80456658299954,0.6528753968799802,191.2055915000092,192.71256958300364,191.80456658299954,0.6528753968799802,191.2055915000092,192.71256958300364
multiple_feat,,Cross Diffusion Maps,3,93.42583031933464,0.28641517217446794,93.12435191600524,93.81084191698756,0.04179376400134057,0.0024354436648618607,0.0397767500107875,0.0452200839936267,0.0105042223343237,0.00040399252433042537,0.0101029999932507,0.0110570840042782,93.4781283056703,0.28857348974512836,93.17518575002032,93.86641458398664,93.4781283056703,0.28857348974512836,93.17518575002032,93.86641458398664
multiple_feat,,Direct MDT,3,329.2761559860034,1.9581137724775681,327.579742832997,332.0198707080126,0.03836508333430776,0.0004607325038162769,0.0380150830023922,0.0390160419919993,0.010798111000137034,0.0002533509838664915,0.01057800000126,0.0111529999994672,329.32531918033783,1.9576664319901333,327.62991187498847,332.0685128330224,329.32531918033783,1.9576664319901333,327.62991187498847,332.0685128330224
multiple_feat,,GCCA,3,23.88431619434171,0.5033290644708847,23.306833667011233,24.533467875007773,8.069667577122649e-06,3.9692909006925094e-06,3.916997229680419e-06,1.3416996807791293e-05,0.017836833004063565,0.009323786931395451,0.0108026250090915,0.0310125830001197,23.90216109701335,0.5116958830952425,23.318535833022903,24.5644938750047,23.90216109701335,0.5116958830952425,23.318535833022903,24.5644938750047
multiple_feat,,Integrated Diffusion Maps,3,21.775334624995594,0.23240962955444086,21.487177124989103,22.05632683400472,0.03188720866455694,0.00039650523485630927,0.0314625419996446,0.0324166670034173,0.016176943997076334,0.008555525786329062,0.0094769579882267,0.0282520830078283,21.82339877765723,0.2245648846399396,21.54721162498754,22.097266333992593,21.82339877765723,0.2245648846399396,21.54721162498754,22.097266333992593
multiple_feat,,MVSC,3,266.8594230556652,0.24274700651407016,266.64148125000065,267.19810070799576,5.458331240030627e-06,1.40759836454835e-06,4.1669991333037615e-06,7.415997970383614e-06,0.028516860998934097,0.0023679132527617435,0.0258344579997356,0.0315941660010139,266.88794537499535,0.24111285079537056,266.6696080009933,267.22393933299463,266.88794537499535,0.24111285079537056,266.6696080009933,267.22393933299463
multiple_feat,,Multi-view Diffusion Maps,3,5.679876569328674,0.02154037127529664,5.652154707990121,5.704673915999592,3.3129717916647983,0.1584482551695617,3.0898660410020966,3.442597916990053,0.028152444661827702,0.0002591084527502836,0.027871917001903,0.0284968749911058,9.0210008056553,0.1558694726082334,8.80075566699088,9.13899725000374,9.0210008056553,0.1558694726082334,8.80075566699088,9.13899725000374
multiple_feat,,Powered Alternating Diffusion,3,270.2328891946672,0.7346797289504052,269.1941397920018,270.77178862500296,0.07388848599415117,0.062170768381997935,0.0265711249958258,0.1617235419980716,2.1000274029987245,0.08466805727052694,1.98122879199218,2.1723954170010984,272.4068050836601,0.756405676151699,271.33709212599206,272.9448177500017,272.4068050836601,0.756405676151699,271.33709212599206,272.9448177500017
multiple_feat,,Random Convex MDT,3,3.828921749664005,0.022129514138929277,3.8058307909959694,3.8587614580028458,0.03927683333555853,0.0006540162108427916,0.0383622910012491,0.0398537500004749,0.029982361001505763,0.001099926538825237,0.0288612919976003,0.0314767910022055,3.8981809440010693,0.0218456987925526,3.876922041003126,3.928224208008032,3.8981809440010693,0.0218456987925526,3.876922041003126,3.928224208008032
multiple_feat,,Random MDT,3,3.884109986339657,0.03925914204261025,3.847234459011815,3.938493082998321,0.03720233299827663,0.0016200505027115493,0.0349227080005221,0.0385404580010799,0.016833847000574,0.008641810416204371,0.0104082909965654,0.029049707998638,3.9381461663385076,0.032751564140778656,3.9144280000036815,3.9844593330053617,3.9381461663385076,0.032751564140778656,3.9144280000036815,3.9844593330053617
multiple_feat,,Single-view Diffusion Maps (view 1),3,0.21219099999871105,0.0029749247012182526,0.2080374999932246,0.2148479169991333,0.2810746113342853,0.0020713236017011845,0.2790154999966034,0.2839085000014165,0.008332458664275033,0.00013256544877077755,0.0082098339917138,0.0085165830096229,0.5015980699972715,0.004521795085951318,0.4953239589813165,0.5058059169969056,0.5015980699972715,0.004521795085951318,0.4953239589813165,0.5058059169969056
multiple_feat,,Single-view Diffusion Maps (view 2),3,0.0748640696644239,0.0013815760920535096,0.0731457500078249,0.0765286249952623,0.2426509306678781,0.011261517174655898,0.2278928750019986,0.25521479199233,0.014938486672084132,0.008629302336326115,0.0084823340002913,0.0271351670089643,0.3324534870043862,0.006167011627872434,0.326473209017422,0.3409413759945892,0.3324534870043862,0.006167011627872434,0.326473209017422,0.3409413759945892
multiple_feat,,Single-view Diffusion Maps (view 3),3,0.06928005533215276,0.0011129377286086873,0.0677287500002421,0.0702860000019427,0.23041429133445487,0.016088132907501083,0.2076635830017039,0.2420040830038488,0.015673375329545967,0.008563064156620944,0.0091466669982764,0.0277707920031389,0.3153677219961537,0.008638198857134877,0.303163125005085,0.3219321659853449,0.3153677219961537,0.008638198857134877,0.303163125005085,0.3219321659853449
multiple_feat,,Single-view Diffusion Maps (view 4),3,0.03882281967283533,0.0005377849792775616,0.0380627500126138,0.0392260840017115,0.527103347335166,0.02290746659840292,0.4956347919942345,0.5495028750010533,0.0235803886704767,0.009317351432595588,0.0104037499986588,0.0302099580003414,0.5895065556784781,0.022311295677486867,0.5649418750108453,0.6189389170031063,0.5895065556784781,0.022311295677486867,0.5649418750108453,0.6189389170031063
multiple_feat,,Single-view Diffusion Maps (view 5),3,0.22892143066565038,0.005832196734501839,0.2206740840047132,0.2331330409942893,0.6790876113373088,0.049025829558241654,0.6161982500052545,0.7358106250030687,0.014153527663438532,0.008858894374503627,0.0078693749965168,0.0266818749951198,0.9221625696663978,0.04625836750637862,0.8635542090050876,0.9766371669975342,0.9221625696663978,0.04625836750637862,0.8635542090050876,0.9766371669975342
multiple_feat,,Single-view Diffusion Maps (view 6),3,0.08880279166623943,0.00030867587422528267,0.0883663749991683,0.0890297500009182,0.2562244166668582,0.0002825418899558036,0.2560099999973317,0.2566236249986104,0.011447861334697001,0.0005496095700987787,0.0110453329980373,0.0122249590058345,0.35647506966779474,0.0005595624768785054,0.3560353329958161,0.3572647090040846,0.35647506966779474,0.0005595624768785054,0.3560353329958161,0.3572647090040846
olivetti,,Alternating Diffusion,3,0.020053055995958798,0.00021990634820015587,0.0197443340002791,0.0202399169938871,0.03681769466493274,0.022560770887154746,0.0107120419997954,0.065756166994106,0.0655687083296167,0.008280848966178216,0.059074499993585,0.0772554589930223,0.12243945899050838,0.02303424886146277,0.0908325420023175,0.1450705839815782,0.12243945899050838,0.02303424886146277,0.0908325420023175,0.1450705839815782
olivetti,,Beam-Search MDT,3,2.3639094306660504,0.01705285402991451,2.345149875007337,2.3864139579964103,0.02371962500425673,0.004774935059686592,0.0188209580082912,0.0301941670040832,0.08563763866550284,0.004762973468424227,0.0789023749966872,0.0890829999989364,2.4732666943358104,0.014677035299261827,2.4530538330145646,2.4874600829934934,2.4732666943358104,0.014677035299261827,2.4530538330145646,2.4874600829934934
olivetti,,Composite Diffusion Maps,3,0.0207980139966821,0.0001873411674359601,0.0205394999939017,0.0209774999966612,0.033071250329764205,0.019693136069669565,0.010867999997572,0.0587327919929521,0.0808723613348168,0.006112103864600799,0.0722875000064959,0.0860376250057015,0.13474162566126324,0.014106096065847848,0.1174451249971753,0.1519977919961093,0.13474162566126324,0.014106096065847848,0.1174451249971753,0.1519977919961093
olivetti,,Contrastive MDT,3,4.4395309026634395,0.004974681213844226,4.434319499996491,4.4462295419943985,0.026234611005444636,0.012478234262149272,0.012813041001209,0.0428678750031394,0.0865832496686683,0.007341965351012269,0.0762012909981422,0.0919079580053221,4.552348763337553,0.010722862789958107,4.539040499003022,4.56529870799568,4.552348763337553,0.010722862789958107,4.539040499003022,4.56529870799568
olivetti,,Cross Diffusion Maps,3,0.3555984863342019,0.00045216907653679154,0.3551072090049274,0.3561986249987967,0.026241444332602736,0.014379216794560298,0.0099934579920955,0.0449552920035785,0.07982791666290716,0.003915090117746859,0.0750454999943031,0.084635374994832,0.46166784732971183,0.012873662504537718,0.4449035419966094,0.4761994169966783,0.46166784732971183,0.012873662504537718,0.4449035419966094,0.4761994169966783
olivetti,,Direct MDT,3,4.456296194339909,0.012338480148768732,4.44087595801102,4.471078750008019,0.016713666331876632,0.004408799438565367,0.0109667080105282,0.0216813329898286,0.08543154132591246,0.004021308512196214,0.0802704999950947,0.0900806659919908,4.5584414019976975,0.015014240389991225,4.5377861240122,4.573030582992942,4.5584414019976975,0.015014240389991225,4.5377861240122,4.573030582992942
olivetti,,GCCA,3,0.3266825280006742,0.0081087598875011,0.3183282499958295,0.3376627919933526,2.2083355967576304e-06,3.122479655978661e-07,1.791006070561707e-06,2.5420013116672635e-06,0.10280144432908854,0.0022851770318738506,0.0995970829972066,0.1047670839907368,0.42948618066535954,0.005865209866281835,0.423097875987878,0.4372621669899672,0.42948618066535954,0.005865209866281835,0.423097875987878,0.4372621669899672
olivetti,,Integrated Diffusion Maps,3,0.20580381900072098,0.0051246863273970295,0.1993607909971615,0.2118992080067983,0.021935958002965533,0.011169249867808111,0.0098231250012759,0.0367723330127773,0.07473177799935603,0.003953711345873741,0.0700038340000901,0.0796808339946437,0.3024715550030426,0.014396291356966136,0.2836945820017718,0.3186753750196658,0.3024715550030426,0.014396291356966136,0.2836945820017718,0.3186753750196658
olivetti,,MVSC,3,0.9177848333347356,0.018440281184965296,0.8925897080043796,0.9362107920023846,2.111334955164542e-06,4.516037561877746e-07,1.79200287675485e-06,2.749999111983925e-06,0.09500563866943894,0.010587475034618071,0.0835561659987433,0.1090864580037305,1.0127925833391298,0.007943538562255615,1.001678916007222,1.019768750004005,1.0127925833391298,0.007943538562255615,1.001678916007222,1.019768750004005
olivetti,,Multi-view Diffusion Maps,3,0.0185662360066392,0.0003276657534781346,0.018219500008854,0.0190058330044848,0.10003569466546948,0.047056144541108,0.0421524999983375,0.1574127089988906,0.04931075000786217,0.003146198332147142,0.0450297920033335,0.0525014170125359,0.167912680679971,0.044338273780175845,0.1128734170197276,0.221448334006709,0.167912680679971,0.044338273780175845,0.1128734170197276,0.221448334006709
olivetti,,Powered Alternating Diffusion,3,1.415580443999109,0.01233434023051742,1.3987789579987293,1.428041540988488,0.0229212780007704,0.004928700312244531,0.0163861670007463,0.0282882080064155,0.0779054859934452,0.0037331332311038583,0.0746871669980464,0.0831390409875894,1.5164072079933248,0.013343526188924416,1.4987586669885786,1.53101691599295,1.5164072079933248,0.013343526188924416,1.4987586669885786,1.53101691599295
olivetti,,Random Convex MDT,3,0.04213893066723046,0.0001678715183965011,0.0419410419999621,0.0423514590074773,0.020570194338991567,0.0103377899224908,0.0082408330054022,0.0335389170068083,0.09006006966713657,0.004426888877755701,0.0851925419992767,0.0959035840060096,0.1527691946733587,0.009514948767142734,0.1394492069957777,0.1610829180135624,0.1527691946733587,0.009514948767142734,0.1394492069957777,0.1610829180135624
olivetti,,Random MDT,3,0.04469025033176873,0.0005065222436988554,0.0440362090012058,0.0452702920010779,0.025006138996104668,0.012673661872113133,0.0103787090047262,0.041289874992799,0.0992972503348331,0.004056183271790325,0.0935676670051179,0.102402542004711,0.1689936396627066,0.009544900345836532,0.1568174600106431,0.1801278339989949,0.1689936396627066,0.009544900345836532,0.1568174600106431,0.1801278339989949
olivetti,,Single-view Diffusion Maps (view 1),3,0.008190096996258901,0.0004045515553350045,0.007622374992934,0.0085352909954963,0.07118995833540487,0.03708042212170107,0.0260275000036926,0.1168515000026673,0.05680479133055386,0.004331447392330277,0.0521165410027606,0.0625632079900242,0.13618484666221772,0.03618259472190571,0.0893844999955035,0.1775033320009242,0.13618484666221772,0.03618259472190571,0.0893844999955035,0.1775033320009242
olivetti,,Single-view Diffusion Maps (view 2),3,0.008828583333524867,5.124173152189021e-05,0.0087914160103537,0.0089010419906117,0.05024954166340947,0.029068913309546036,0.016518124990398,0.0874658329994417,0.06692523599485863,0.009141554404489705,0.0561807499907445,0.0785239580000052,0.12600336099179302,0.025590652869351062,0.091380540994578,0.1524398749897955,0.12600336099179302,0.025590652869351062,0.091380540994578,0.1524398749897955
yale,,Alternating Diffusion,3,0.09193322200250496,0.00033825990386094354,0.091667624990805,0.0924105830054031,0.008078402335134566,0.005675955276501846,0.0015175409935181,0.0153639580094022,0.028389457996430136,0.002296795508849528,0.0266064159950474,0.031632250000257,0.1284010823340698,0.006048121611887573,0.1201148739783093,0.1343809570098528,0.1284010823340698,0.006048121611887573,0.1201148739783093,0.1343809570098528
yale,,Beam-Search MDT,3,1.0592751386623906,0.0036882729008834263,1.055507041994133,1.0642826660041464,0.004724250335129867,0.001418980586092047,0.0036645420041168,0.0067299170041223,0.0358727640026093,0.002024200668429698,0.0340732920012669,0.0387005840020719,1.09987215300013,0.0021808214287580277,1.0978721680003218,1.102905374005786,1.09987215300013,0.0021808214287580277,1.0978721680003218,1.102905374005786
yale,,Contrastive MDT,3,0.5324632356641814,0.011449896677525644,0.522686333002639,0.5485302079905523,0.0021260556629082335,0.00073528568297489,0.0014336669992189,0.0031441249884665,0.019619555333823268,0.005324933787246381,0.0120900000038091,0.0234926249977434,0.554208846660913,0.006212995563353769,0.5473960410017753,0.5624205829954008,0.554208846660913,0.006212995563353769,0.5473960410017753,0.5624205829954008
yale,,Cross Diffusion Maps,3,0.05032031933175549,0.0004250907436299521,0.0497513750015059,0.0507729579985607,0.004010736665804833,0.0020040772431661343,0.0018977919971803,0.006703084000037,0.03910888832857983,0.002210572360043791,0.0362680409889435,0.0416594159905798,0.09343994432614026,0.00021572214386014028,0.0932671670016134,0.0937440829875413,0.09343994432614026,0.00021572214386014028,0.0932671670016134,0.0937440829875413
yale,,Direct MDT,3,1.2513896806679743,0.004632571283124391,1.2460650830034865,1.2573576669965405,0.004460208326539267,0.0011788054474545287,0.0027941669977735,0.0053442499920492,0.03469474999777347,0.0023370900040088436,0.0314060829987283,0.0366245420009363,1.2905446389922872,0.0018629705047363135,1.287931832994218,1.2921441669896012,1.2905446389922872,0.0018629705047363135,1.287931832994218,1.2921441669896012
yale,,GCCA,3,0.06983609732803107,0.0038211057356246025,0.0655523339955834,0.0748307499889051,1.8056598491966724e-06,2.5779647837704176e-07,1.5829864423722029e-06,2.1669984562322497e-06,0.03223944467026733,0.002054817446375311,0.0294671669980743,0.0343800830014515,0.1020773476581477,0.002602378213746498,0.0984255850053159,0.1042994999734219,0.1020773476581477,0.002602378213746498,0.0984255850053159,0.1042994999734219
yale,,Integrated Diffusion Maps,3,0.050200972667274336,0.0003607995518290326,0.0497769590001553,0.0506587919953744,0.0039499723352491335,0.002139656091474066,0.0016085000097518,0.0067806250008288,0.032039319329972636,0.0009674672327278267,0.0307648749876534,0.0331076250004116,0.0861902643324962,0.001531570072011272,0.0844930840103188,0.0882042919838568,0.0861902643324962,0.001531570072011272,0.0844930840103188,0.0882042919838568
yale,,MVSC,3,0.3264670973318668,0.014306939966187416,0.3161805420022574,0.346699207999336,1.7083342148301501e-06,3.023219930325702e-07,1.4170000213198364e-06,2.125001628883183e-06,0.0317160553313442,0.00907592116782593,0.0191253329976461,0.040171000000555,0.35818486099742586,0.00572825248011388,0.3520344999997178,0.3658261239979765,0.35818486099742586,0.00572825248011388,0.3520344999997178,0.3658261239979765
yale,,Multi-view Diffusion Maps,3,0.0110622360031508,0.00010645001930797095,0.0109658750006929,0.0112105830048676,0.017885750334244166,0.011397798499927144,0.0050604590069269,0.0327540830039652,0.0220800560006561,0.0026193265278023556,0.0185078340000472,0.0247151249932358,0.05102804233805114,0.009572451451205385,0.0390435430163051,0.0624725000088801,0.05102804233805114,0.009572451451205385,0.0390435430163051,0.0624725000088801
yale,,Powered Alternating Diffusion,3,0.14757963867062543,0.0010778752885481663,0.1460691250103991,0.1485123330057831,0.006895000333315666,0.004120080701958491,0.0031181250087684,0.0126258340023923,0.031502527664997566,0.0017636118032139782,0.0290586249902844,0.0331557500030612,0.1859771666689388,0.003563818259166152,0.1814804580208147,0.1901967919984599,0.1859771666689388,0.003563818259166152,0.1814804580208147,0.1901967919984599
yale,,Random Convex MDT,3,0.014543472328417234,0.0008904264873592134,0.0135992499999701,0.015737124995212,0.004770847333323467,0.0014398927361306572,0.0032283329928759,0.0066933750058524,0.033429263659248365,0.0017148644139080927,0.0317974159988807,0.0357988749892683,0.05274358332098927,0.001895962612352331,0.0504822919901926,0.0551219999906607,0.05274358332098927,0.001895962612352331,0.0504822919901926,0.0551219999906607
yale,,Random MDT,3,0.013264374996651833,0.0005499683139981782,0.0127354169962927,0.0140226660005282,0.005152111334609733,0.0028257206815652694,0.0022463329951278,0.008980792001239,0.03328268033025473,0.001602297633319773,0.0310666250006761,0.0348004159895936,0.051699166661516395,0.001779716768805218,0.0497821659810142,0.0540700830024434,0.051699166661516395,0.001779716768805218,0.0497821659810142,0.0540700830024434
yale,,Single-view Diffusion Maps (view 1),3,0.003277569669686833,0.00032421407809711674,0.0028560000064317,0.0036445000005187,0.009487791665984867,0.006438512072617545,0.0026361670024925,0.0181071659899316,0.02999016666823683,0.0027600562125397288,0.026139375011553,0.0324682089994894,0.04275552800390864,0.004537762515333976,0.0368550830025924,0.0478910410020034,0.04275552800390864,0.004537762515333976,0.0368550830025924,0.0478910410020034
yale,,Single-view Diffusion Maps (view 2),3,0.0032769306611346665,0.0002981159675766055,0.0028558749909279,0.0035059999936493,0.008733347334782534,0.00557417952886458,0.0025736670067999,0.0160735829995246,0.026787874667206734,0.0027672930224923085,0.0228950830060057,0.0290828330034855,0.038798152663124065,0.003653889364400075,0.0338152499898569,0.0424746659991797,0.038798152663124065,0.003653889364400075,0.0338152499898569,0.0424746659991797
yale,,Single-view Diffusion Maps (view 3),3,0.003280250001504667,0.00021666080656994018,0.0030507920018862,0.0035708329960471,0.009497999994588667,0.006828624324594941,0.0024137089931173,0.0187238749931566,0.026452958666292603,0.0034514489331537715,0.0216934999916702,0.0297704590047942,0.039231208662386004,0.004410205130357717,0.033359417997417,0.0439882079808739,0.039231208662386004,0.004410205130357717,0.033359417997417,0.0439882079808739
